# Blender 5.1.2
# www.blender.org
mtllib virtualhead_rotated.mtl
o BézierCircle
v 0.038539 -1.300000 0.047515
v 0.028539 -1.287000 0.047515
v 0.018539 -1.300000 0.047515
v 0.028539 -1.313000 0.047515
v 0.038539 -1.288128 0.183176
v 0.028539 -1.275246 0.181835
v 0.018539 -1.288128 0.183176
v 0.028539 -1.301011 0.184516
v 0.038539 -1.253548 0.313299
v 0.028539 -1.241012 0.310651
v 0.018539 -1.253548 0.313299
v 0.028539 -1.266084 0.315948
v 0.038539 -1.197810 0.436693
v 0.028539 -1.185836 0.432800
v 0.018539 -1.197810 0.436693
v 0.028539 -1.209785 0.440585
v 0.038539 -1.122466 0.552163
v 0.028539 -1.111247 0.547111
v 0.018539 -1.122466 0.552163
v 0.028539 -1.133685 0.557216
v 0.038539 -1.029066 0.658517
v 0.028539 -1.018780 0.652402
v 0.018539 -1.029066 0.658517
v 0.028539 -1.039352 0.664632
v 0.038539 -0.919161 0.754562
v 0.028539 -0.909969 0.747491
v 0.018539 -0.919161 0.754562
v 0.028539 -0.928353 0.761633
v 0.038539 -0.794303 0.839104
v 0.028539 -0.786354 0.831191
v 0.018539 -0.794303 0.839104
v 0.028539 -0.802253 0.847016
v 0.038539 -0.656043 0.910950
v 0.028539 -0.649475 0.902320
v 0.018539 -0.656043 0.910950
v 0.028539 -0.662611 0.919580
v 0.038539 -0.505931 0.968907
v 0.028539 -0.500871 0.959696
v 0.018539 -0.505931 0.968907
v 0.028539 -0.510991 0.978119
v 0.038539 -0.345519 1.011783
v 0.028539 -0.342077 1.002140
v 0.018539 -0.345519 1.011783
v 0.028539 -0.348962 1.021426
v 0.038539 -0.176359 1.038383
v 0.028539 -0.174616 1.028473
v 0.018539 -0.176359 1.038383
v 0.028539 -0.178101 1.048293
v 0.038539 -0.000000 1.047515
v 0.028539 0.000000 1.037515
v 0.018539 0.000000 1.047515
v 0.028539 -0.000000 1.057515
v 0.038539 0.176359 1.038383
v 0.028539 0.174616 1.028473
v 0.018539 0.176359 1.038383
v 0.028539 0.178101 1.048293
v 0.038539 0.345519 1.011783
v 0.028539 0.342077 1.002140
v 0.018539 0.345519 1.011783
v 0.028539 0.348962 1.021426
v 0.038539 0.505931 0.968908
v 0.028539 0.500871 0.959696
v 0.018539 0.505931 0.968908
v 0.028539 0.510991 0.978119
v 0.038539 0.656043 0.910950
v 0.028539 0.649475 0.902320
v 0.018539 0.656043 0.910950
v 0.028539 0.662611 0.919580
v 0.038539 0.794303 0.839104
v 0.028539 0.786353 0.831192
v 0.018539 0.794303 0.839104
v 0.028539 0.802252 0.847016
v 0.038539 0.919161 0.754562
v 0.028539 0.909968 0.747491
v 0.018539 0.919161 0.754562
v 0.028539 0.928353 0.761633
v 0.038539 1.029065 0.658517
v 0.028539 1.018779 0.652402
v 0.018539 1.029065 0.658517
v 0.028539 1.039352 0.664632
v 0.038539 1.122466 0.552163
v 0.028539 1.111247 0.547111
v 0.018539 1.122466 0.552163
v 0.028539 1.133684 0.557216
v 0.038539 1.197810 0.436693
v 0.028539 1.185835 0.432800
v 0.018539 1.197810 0.436693
v 0.028539 1.209785 0.440585
v 0.038539 1.253548 0.313299
v 0.028539 1.241012 0.310651
v 0.018539 1.253548 0.313299
v 0.028539 1.266084 0.315948
v 0.038539 1.288128 0.183176
v 0.028539 1.275246 0.181835
v 0.018539 1.288128 0.183176
v 0.028539 1.301011 0.184516
v 0.038539 1.300000 0.047515
v 0.028539 1.287000 0.047515
v 0.018539 1.300000 0.047515
v 0.028539 1.313000 0.047515
v 0.038539 1.288128 -0.088146
v 0.028539 1.275246 -0.086805
v 0.018539 1.288128 -0.088146
v 0.028539 1.301011 -0.089486
v 0.038539 1.253548 -0.218269
v 0.028539 1.241012 -0.215621
v 0.018539 1.253548 -0.218269
v 0.028539 1.266084 -0.220918
v 0.038539 1.197810 -0.341663
v 0.028539 1.185836 -0.337770
v 0.018539 1.197810 -0.341663
v 0.028539 1.209785 -0.345555
v 0.038539 1.122466 -0.457133
v 0.028539 1.111247 -0.452081
v 0.018539 1.122466 -0.457133
v 0.028539 1.133685 -0.462186
v 0.038539 1.029066 -0.563487
v 0.028539 1.018780 -0.557372
v 0.018539 1.029066 -0.563487
v 0.028539 1.039352 -0.569602
v 0.038539 0.919161 -0.659532
v 0.028539 0.909969 -0.652461
v 0.018539 0.919161 -0.659532
v 0.028539 0.928353 -0.666603
v 0.038539 0.794303 -0.744074
v 0.028539 0.786354 -0.736161
v 0.018539 0.794303 -0.744074
v 0.028539 0.802253 -0.751986
v 0.038539 0.656043 -0.815920
v 0.028539 0.649475 -0.807290
v 0.018539 0.656043 -0.815920
v 0.028539 0.662611 -0.824550
v 0.038539 0.505931 -0.873878
v 0.028539 0.500871 -0.864666
v 0.018539 0.505931 -0.873878
v 0.028539 0.510991 -0.883089
v 0.038539 0.345519 -0.916753
v 0.028539 0.342077 -0.907110
v 0.018539 0.345519 -0.916753
v 0.028539 0.348962 -0.926396
v 0.038539 0.176359 -0.943353
v 0.028539 0.174616 -0.933443
v 0.018539 0.176359 -0.943353
v 0.028539 0.178101 -0.953263
v 0.038539 -0.000000 -0.952485
v 0.028539 -0.000000 -0.942485
v 0.018539 0.000000 -0.952485
v 0.028539 0.000000 -0.962485
v 0.038539 -0.176359 -0.943353
v 0.028539 -0.174616 -0.933443
v 0.018539 -0.176359 -0.943353
v 0.028539 -0.178101 -0.953263
v 0.038539 -0.345519 -0.916753
v 0.028539 -0.342077 -0.907110
v 0.018539 -0.345519 -0.916753
v 0.028539 -0.348962 -0.926396
v 0.038539 -0.505931 -0.873878
v 0.028539 -0.500871 -0.864666
v 0.018539 -0.505931 -0.873878
v 0.028539 -0.510991 -0.883089
v 0.038539 -0.656043 -0.815920
v 0.028539 -0.649475 -0.807290
v 0.018539 -0.656043 -0.815920
v 0.028539 -0.662611 -0.824550
v 0.038539 -0.794303 -0.744074
v 0.028539 -0.786353 -0.736162
v 0.018539 -0.794303 -0.744074
v 0.028539 -0.802252 -0.751987
v 0.038539 -0.919161 -0.659532
v 0.028539 -0.909968 -0.652461
v 0.018539 -0.919161 -0.659532
v 0.028539 -0.928353 -0.666603
v 0.038539 -1.029065 -0.563487
v 0.028539 -1.018779 -0.557372
v 0.018539 -1.029065 -0.563487
v 0.028539 -1.039352 -0.569602
v 0.038539 -1.122466 -0.457133
v 0.028539 -1.111247 -0.452081
v 0.018539 -1.122466 -0.457133
v 0.028539 -1.133684 -0.462186
v 0.038539 -1.197810 -0.341663
v 0.028539 -1.185835 -0.337771
v 0.018539 -1.197810 -0.341663
v 0.028539 -1.209785 -0.345555
v 0.038539 -1.253548 -0.218269
v 0.028539 -1.241012 -0.215621
v 0.018539 -1.253548 -0.218269
v 0.028539 -1.266084 -0.220918
v 0.038539 -1.288128 -0.088146
v 0.028539 -1.275246 -0.086805
v 0.018539 -1.288128 -0.088146
v 0.028539 -1.301011 -0.089486
vn 0.9997 -0.0232 -0.0000
vn -0.0000 1.0000 -0.0000
vn -0.9997 -0.0232 -0.0000
vn -0.0000 -1.0000 -0.0000
vn 0.9997 -0.0230 0.0040
vn -0.0000 0.9849 -0.1732
vn -0.9997 -0.0230 0.0040
vn -0.0000 -0.9849 0.1732
vn 0.9997 -0.0221 0.0079
vn -0.0000 0.9418 -0.3362
vn -0.9997 -0.0221 0.0079
vn -0.0000 -0.9418 0.3362
vn 0.9997 -0.0208 0.0114
vn -0.0000 0.8765 -0.4815
vn -0.9997 -0.0208 0.0114
vn -0.0000 -0.8765 0.4815
vn 0.9997 -0.0192 0.0146
vn -0.0000 0.7957 -0.6056
vn -0.9997 -0.0192 0.0146
vn -0.0000 -0.7957 0.6056
vn 0.9997 -0.0175 0.0175
vn -0.0000 0.7055 -0.7088
vn -0.9997 -0.0175 0.0175
vn -0.0000 -0.7055 0.7088
vn 0.9997 -0.0156 0.0202
vn -0.0000 0.6097 -0.7926
vn -0.9997 -0.0156 0.0202
vn -0.0000 -0.6097 0.7926
vn 0.9997 -0.0135 0.0227
vn -0.0000 0.5110 -0.8596
vn -0.9997 -0.0135 0.0227
vn -0.0000 -0.5110 0.8596
vn 0.9996 -0.0113 0.0250
vn -0.0000 0.4106 -0.9118
vn -0.9996 -0.0113 0.0250
vn -0.0000 -0.4106 0.9118
vn 0.9996 -0.0088 0.0271
vn -0.0000 0.3091 -0.9510
vn -0.9996 -0.0088 0.0271
vn -0.0000 -0.3091 0.9510
vn 0.9996 -0.0061 0.0288
vn -0.0000 0.2067 -0.9784
vn -0.9996 -0.0061 0.0288
vn -0.0000 -0.2067 0.9784
vn 0.9995 -0.0031 0.0299
vn -0.0000 0.1035 -0.9946
vn -0.9995 -0.0031 0.0299
vn -0.0000 -0.1035 0.9946
vn 0.9995 -0.0000 0.0302
vn -0.0000 -0.0000 -1.0000
vn -0.9995 -0.0000 0.0302
vn -0.0000 -0.0000 1.0000
vn 0.9995 0.0031 0.0299
vn -0.0000 -0.1035 -0.9946
vn -0.9995 0.0031 0.0299
vn -0.0000 0.1035 0.9946
vn 0.9996 0.0061 0.0288
vn -0.0000 -0.2067 -0.9784
vn -0.9996 0.0061 0.0288
vn -0.0000 0.2067 0.9784
vn 0.9996 0.0088 0.0271
vn -0.0000 -0.3091 -0.9510
vn -0.9996 0.0088 0.0271
vn -0.0000 0.3091 0.9510
vn 0.9996 0.0113 0.0250
vn -0.0000 -0.4106 -0.9118
vn -0.9996 0.0113 0.0250
vn -0.0000 0.4106 0.9118
vn 0.9997 0.0135 0.0227
vn -0.0000 -0.5110 -0.8596
vn -0.9997 0.0135 0.0227
vn -0.0000 0.5110 0.8596
vn 0.9997 0.0156 0.0202
vn -0.0000 -0.6097 -0.7926
vn -0.9997 0.0156 0.0202
vn -0.0000 0.6097 0.7926
vn 0.9997 0.0175 0.0175
vn -0.0000 -0.7055 -0.7088
vn -0.9997 0.0175 0.0175
vn -0.0000 0.7055 0.7088
vn 0.9997 0.0192 0.0146
vn -0.0000 -0.7957 -0.6056
vn -0.9997 0.0192 0.0146
vn -0.0000 0.7957 0.6056
vn 0.9997 0.0208 0.0114
vn -0.0000 -0.8765 -0.4815
vn -0.9997 0.0208 0.0114
vn -0.0000 0.8765 0.4815
vn 0.9997 0.0221 0.0079
vn -0.0000 -0.9418 -0.3362
vn -0.9997 0.0221 0.0079
vn -0.0000 0.9418 0.3362
vn 0.9997 0.0230 0.0040
vn -0.0000 -0.9849 -0.1732
vn -0.9997 0.0230 0.0040
vn -0.0000 0.9849 0.1732
vn 0.9997 0.0232 -0.0000
vn -0.9997 0.0232 -0.0000
vn 0.9997 0.0230 -0.0040
vn -0.9997 0.0230 -0.0040
vn 0.9997 0.0221 -0.0079
vn -0.9997 0.0221 -0.0079
vn 0.9997 0.0208 -0.0114
vn -0.9997 0.0208 -0.0114
vn 0.9997 0.0192 -0.0146
vn -0.9997 0.0192 -0.0146
vn 0.9997 0.0175 -0.0175
vn -0.9997 0.0175 -0.0175
vn 0.9997 0.0156 -0.0202
vn -0.9997 0.0156 -0.0202
vn 0.9997 0.0135 -0.0227
vn -0.9997 0.0135 -0.0227
vn 0.9996 0.0113 -0.0250
vn -0.9996 0.0113 -0.0250
vn 0.9996 0.0088 -0.0271
vn -0.9996 0.0088 -0.0271
vn 0.9996 0.0061 -0.0288
vn -0.9996 0.0061 -0.0288
vn 0.9995 0.0031 -0.0299
vn -0.9995 0.0031 -0.0299
vn 0.9995 -0.0000 -0.0302
vn -0.9995 -0.0000 -0.0302
vn 0.9995 -0.0031 -0.0299
vn -0.9995 -0.0031 -0.0299
vn 0.9996 -0.0061 -0.0288
vn -0.9996 -0.0061 -0.0288
vn 0.9996 -0.0088 -0.0271
vn -0.9996 -0.0088 -0.0271
vn 0.9996 -0.0113 -0.0250
vn -0.9996 -0.0113 -0.0250
vn 0.9997 -0.0135 -0.0227
vn -0.9997 -0.0135 -0.0227
vn 0.9997 -0.0156 -0.0202
vn -0.9997 -0.0156 -0.0202
vn 0.9997 -0.0175 -0.0175
vn -0.9997 -0.0175 -0.0175
vn 0.9997 -0.0192 -0.0146
vn -0.9997 -0.0192 -0.0146
vn 0.9997 -0.0208 -0.0114
vn -0.9997 -0.0208 -0.0114
vn 0.9997 -0.0221 -0.0079
vn -0.9997 -0.0221 -0.0079
vn 0.9997 -0.0230 -0.0040
vn -0.9997 -0.0230 -0.0040
vt 0.000000 1.000000
vt 0.020833 1.000000
vt 0.020833 0.750000
vt 0.000000 0.750000
vt 0.000000 0.250000
vt 0.020833 0.250000
vt 0.020833 0.000000
vt 0.000000 0.000000
vt 0.000000 0.500000
vt 0.020833 0.500000
vt 0.041667 1.000000
vt 0.041667 0.750000
vt 0.041667 0.250000
vt 0.041667 0.000000
vt 0.041667 0.500000
vt 0.062500 1.000000
vt 0.062500 0.750000
vt 0.062500 0.250000
vt 0.062500 0.000000
vt 0.062500 0.500000
vt 0.083333 1.000000
vt 0.083333 0.750000
vt 0.083333 0.250000
vt 0.083333 0.000000
vt 0.083333 0.500000
vt 0.104167 1.000000
vt 0.104167 0.750000
vt 0.104167 0.250000
vt 0.104167 0.000000
vt 0.104167 0.500000
vt 0.125000 1.000000
vt 0.125000 0.750000
vt 0.125000 0.250000
vt 0.125000 0.000000
vt 0.125000 0.500000
vt 0.145833 1.000000
vt 0.145833 0.750000
vt 0.145833 0.250000
vt 0.145833 0.000000
vt 0.145833 0.500000
vt 0.166667 1.000000
vt 0.166667 0.750000
vt 0.166667 0.250000
vt 0.166667 0.000000
vt 0.166667 0.500000
vt 0.187500 1.000000
vt 0.187500 0.750000
vt 0.187500 0.250000
vt 0.187500 0.000000
vt 0.187500 0.500000
vt 0.208333 1.000000
vt 0.208333 0.750000
vt 0.208333 0.250000
vt 0.208333 0.000000
vt 0.208333 0.500000
vt 0.229167 1.000000
vt 0.229167 0.750000
vt 0.229167 0.250000
vt 0.229167 0.000000
vt 0.229167 0.500000
vt 0.250000 1.000000
vt 0.250000 0.750000
vt 0.250000 0.250000
vt 0.250000 0.000000
vt 0.250000 0.500000
vt 0.270833 1.000000
vt 0.270833 0.750000
vt 0.270833 0.250000
vt 0.270833 0.000000
vt 0.270833 0.500000
vt 0.291667 1.000000
vt 0.291667 0.750000
vt 0.291667 0.250000
vt 0.291667 0.000000
vt 0.291667 0.500000
vt 0.312500 1.000000
vt 0.312500 0.750000
vt 0.312500 0.250000
vt 0.312500 0.000000
vt 0.312500 0.500000
vt 0.333333 1.000000
vt 0.333333 0.750000
vt 0.333333 0.250000
vt 0.333333 0.000000
vt 0.333333 0.500000
vt 0.354167 1.000000
vt 0.354167 0.750000
vt 0.354167 0.250000
vt 0.354167 0.000000
vt 0.354167 0.500000
vt 0.375000 1.000000
vt 0.375000 0.750000
vt 0.375000 0.250000
vt 0.375000 0.000000
vt 0.375000 0.500000
vt 0.395833 1.000000
vt 0.395833 0.750000
vt 0.395833 0.250000
vt 0.395833 0.000000
vt 0.395833 0.500000
vt 0.416667 1.000000
vt 0.416667 0.750000
vt 0.416667 0.250000
vt 0.416667 0.000000
vt 0.416667 0.500000
vt 0.437500 1.000000
vt 0.437500 0.750000
vt 0.437500 0.250000
vt 0.437500 0.000000
vt 0.437500 0.500000
vt 0.458333 1.000000
vt 0.458333 0.750000
vt 0.458333 0.250000
vt 0.458333 0.000000
vt 0.458333 0.500000
vt 0.479167 1.000000
vt 0.479167 0.750000
vt 0.479167 0.250000
vt 0.479167 0.000000
vt 0.479167 0.500000
vt 0.500000 1.000000
vt 0.500000 0.750000
vt 0.500000 0.250000
vt 0.500000 0.000000
vt 0.500000 0.500000
vt 0.520833 1.000000
vt 0.520833 0.750000
vt 0.520833 0.250000
vt 0.520833 0.000000
vt 0.520833 0.500000
vt 0.541667 1.000000
vt 0.541667 0.750000
vt 0.541667 0.250000
vt 0.541667 0.000000
vt 0.541667 0.500000
vt 0.562500 1.000000
vt 0.562500 0.750000
vt 0.562500 0.250000
vt 0.562500 0.000000
vt 0.562500 0.500000
vt 0.583333 1.000000
vt 0.583333 0.750000
vt 0.583333 0.250000
vt 0.583333 0.000000
vt 0.583333 0.500000
vt 0.604167 1.000000
vt 0.604167 0.750000
vt 0.604167 0.250000
vt 0.604167 0.000000
vt 0.604167 0.500000
vt 0.625000 1.000000
vt 0.625000 0.750000
vt 0.625000 0.250000
vt 0.625000 0.000000
vt 0.625000 0.500000
vt 0.645833 1.000000
vt 0.645833 0.750000
vt 0.645833 0.250000
vt 0.645833 0.000000
vt 0.645833 0.500000
vt 0.666667 1.000000
vt 0.666667 0.750000
vt 0.666667 0.250000
vt 0.666667 0.000000
vt 0.666667 0.500000
vt 0.687500 1.000000
vt 0.687500 0.750000
vt 0.687500 0.250000
vt 0.687500 0.000000
vt 0.687500 0.500000
vt 0.708333 1.000000
vt 0.708333 0.750000
vt 0.708333 0.250000
vt 0.708333 0.000000
vt 0.708333 0.500000
vt 0.729167 1.000000
vt 0.729167 0.750000
vt 0.729167 0.250000
vt 0.729167 0.000000
vt 0.729167 0.500000
vt 0.750000 1.000000
vt 0.750000 0.750000
vt 0.750000 0.250000
vt 0.750000 0.000000
vt 0.750000 0.500000
vt 0.770833 1.000000
vt 0.770833 0.750000
vt 0.770833 0.250000
vt 0.770833 0.000000
vt 0.770833 0.500000
vt 0.791667 1.000000
vt 0.791667 0.750000
vt 0.791667 0.250000
vt 0.791667 0.000000
vt 0.791667 0.500000
vt 0.812500 1.000000
vt 0.812500 0.750000
vt 0.812500 0.250000
vt 0.812500 0.000000
vt 0.812500 0.500000
vt 0.833333 1.000000
vt 0.833333 0.750000
vt 0.833333 0.250000
vt 0.833333 0.000000
vt 0.833333 0.500000
vt 0.854167 1.000000
vt 0.854167 0.750000
vt 0.854167 0.250000
vt 0.854167 0.000000
vt 0.854167 0.500000
vt 0.875000 1.000000
vt 0.875000 0.750000
vt 0.875000 0.250000
vt 0.875000 0.000000
vt 0.875000 0.500000
vt 0.895833 1.000000
vt 0.895833 0.750000
vt 0.895833 0.250000
vt 0.895833 0.000000
vt 0.895833 0.500000
vt 0.916667 1.000000
vt 0.916667 0.750000
vt 0.916667 0.250000
vt 0.916667 0.000000
vt 0.916667 0.500000
vt 0.937500 1.000000
vt 0.937500 0.750000
vt 0.937500 0.250000
vt 0.937500 0.000000
vt 0.937500 0.500000
vt 0.958333 1.000000
vt 0.958333 0.750000
vt 0.958333 0.250000
vt 0.958333 0.000000
vt 0.958333 0.500000
vt 0.979167 1.000000
vt 0.979167 0.750000
vt 0.979167 0.250000
vt 0.979167 0.000000
vt 0.979167 0.500000
vt 1.000000 1.000000
vt 1.000000 0.750000
vt 1.000000 0.250000
vt 1.000000 0.000000
vt 1.000000 0.500000
s 1
f 1/1/1 5/2/5 8/3/8 4/4/4
f 2/5/2 6/6/6 5/7/5 1/8/1
f 3/9/3 7/10/7 6/6/6 2/5/2
f 4/4/4 8/3/8 7/10/7 3/9/3
f 5/2/5 9/11/9 12/12/12 8/3/8
f 6/6/6 10/13/10 9/14/9 5/7/5
f 7/10/7 11/15/11 10/13/10 6/6/6
f 8/3/8 12/12/12 11/15/11 7/10/7
f 9/11/9 13/16/13 16/17/16 12/12/12
f 10/13/10 14/18/14 13/19/13 9/14/9
f 11/15/11 15/20/15 14/18/14 10/13/10
f 12/12/12 16/17/16 15/20/15 11/15/11
f 13/16/13 17/21/17 20/22/20 16/17/16
f 14/18/14 18/23/18 17/24/17 13/19/13
f 15/20/15 19/25/19 18/23/18 14/18/14
f 16/17/16 20/22/20 19/25/19 15/20/15
f 17/21/17 21/26/21 24/27/24 20/22/20
f 18/23/18 22/28/22 21/29/21 17/24/17
f 19/25/19 23/30/23 22/28/22 18/23/18
f 20/22/20 24/27/24 23/30/23 19/25/19
f 21/26/21 25/31/25 28/32/28 24/27/24
f 22/28/22 26/33/26 25/34/25 21/29/21
f 23/30/23 27/35/27 26/33/26 22/28/22
f 24/27/24 28/32/28 27/35/27 23/30/23
f 25/31/25 29/36/29 32/37/32 28/32/28
f 26/33/26 30/38/30 29/39/29 25/34/25
f 27/35/27 31/40/31 30/38/30 26/33/26
f 28/32/28 32/37/32 31/40/31 27/35/27
f 29/36/29 33/41/33 36/42/36 32/37/32
f 30/38/30 34/43/34 33/44/33 29/39/29
f 31/40/31 35/45/35 34/43/34 30/38/30
f 32/37/32 36/42/36 35/45/35 31/40/31
f 33/41/33 37/46/37 40/47/40 36/42/36
f 34/43/34 38/48/38 37/49/37 33/44/33
f 35/45/35 39/50/39 38/48/38 34/43/34
f 36/42/36 40/47/40 39/50/39 35/45/35
f 37/46/37 41/51/41 44/52/44 40/47/40
f 38/48/38 42/53/42 41/54/41 37/49/37
f 39/50/39 43/55/43 42/53/42 38/48/38
f 40/47/40 44/52/44 43/55/43 39/50/39
f 41/51/41 45/56/45 48/57/48 44/52/44
f 42/53/42 46/58/46 45/59/45 41/54/41
f 43/55/43 47/60/47 46/58/46 42/53/42
f 44/52/44 48/57/48 47/60/47 43/55/43
f 45/56/45 49/61/49 52/62/52 48/57/48
f 46/58/46 50/63/50 49/64/49 45/59/45
f 47/60/47 51/65/51 50/63/50 46/58/46
f 48/57/48 52/62/52 51/65/51 47/60/47
f 49/61/49 53/66/53 56/67/56 52/62/52
f 50/63/50 54/68/54 53/69/53 49/64/49
f 51/65/51 55/70/55 54/68/54 50/63/50
f 52/62/52 56/67/56 55/70/55 51/65/51
f 53/66/53 57/71/57 60/72/60 56/67/56
f 54/68/54 58/73/58 57/74/57 53/69/53
f 55/70/55 59/75/59 58/73/58 54/68/54
f 56/67/56 60/72/60 59/75/59 55/70/55
f 57/71/57 61/76/61 64/77/64 60/72/60
f 58/73/58 62/78/62 61/79/61 57/74/57
f 59/75/59 63/80/63 62/78/62 58/73/58
f 60/72/60 64/77/64 63/80/63 59/75/59
f 61/76/61 65/81/65 68/82/68 64/77/64
f 62/78/62 66/83/66 65/84/65 61/79/61
f 63/80/63 67/85/67 66/83/66 62/78/62
f 64/77/64 68/82/68 67/85/67 63/80/63
f 65/81/65 69/86/69 72/87/72 68/82/68
f 66/83/66 70/88/70 69/89/69 65/84/65
f 67/85/67 71/90/71 70/88/70 66/83/66
f 68/82/68 72/87/72 71/90/71 67/85/67
f 69/86/69 73/91/73 76/92/76 72/87/72
f 70/88/70 74/93/74 73/94/73 69/89/69
f 71/90/71 75/95/75 74/93/74 70/88/70
f 72/87/72 76/92/76 75/95/75 71/90/71
f 73/91/73 77/96/77 80/97/80 76/92/76
f 74/93/74 78/98/78 77/99/77 73/94/73
f 75/95/75 79/100/79 78/98/78 74/93/74
f 76/92/76 80/97/80 79/100/79 75/95/75
f 77/96/77 81/101/81 84/102/84 80/97/80
f 78/98/78 82/103/82 81/104/81 77/99/77
f 79/100/79 83/105/83 82/103/82 78/98/78
f 80/97/80 84/102/84 83/105/83 79/100/79
f 81/101/81 85/106/85 88/107/88 84/102/84
f 82/103/82 86/108/86 85/109/85 81/104/81
f 83/105/83 87/110/87 86/108/86 82/103/82
f 84/102/84 88/107/88 87/110/87 83/105/83
f 85/106/85 89/111/89 92/112/92 88/107/88
f 86/108/86 90/113/90 89/114/89 85/109/85
f 87/110/87 91/115/91 90/113/90 86/108/86
f 88/107/88 92/112/92 91/115/91 87/110/87
f 89/111/89 93/116/93 96/117/96 92/112/92
f 90/113/90 94/118/94 93/119/93 89/114/89
f 91/115/91 95/120/95 94/118/94 90/113/90
f 92/112/92 96/117/96 95/120/95 91/115/91
f 93/116/93 97/121/97 100/122/2 96/117/96
f 94/118/94 98/123/4 97/124/97 93/119/93
f 95/120/95 99/125/98 98/123/4 94/118/94
f 96/117/96 100/122/2 99/125/98 95/120/95
f 97/121/97 101/126/99 104/127/6 100/122/2
f 98/123/4 102/128/8 101/129/99 97/124/97
f 99/125/98 103/130/100 102/128/8 98/123/4
f 100/122/2 104/127/6 103/130/100 99/125/98
f 101/126/99 105/131/101 108/132/10 104/127/6
f 102/128/8 106/133/12 105/134/101 101/129/99
f 103/130/100 107/135/102 106/133/12 102/128/8
f 104/127/6 108/132/10 107/135/102 103/130/100
f 105/131/101 109/136/103 112/137/14 108/132/10
f 106/133/12 110/138/16 109/139/103 105/134/101
f 107/135/102 111/140/104 110/138/16 106/133/12
f 108/132/10 112/137/14 111/140/104 107/135/102
f 109/136/103 113/141/105 116/142/18 112/137/14
f 110/138/16 114/143/20 113/144/105 109/139/103
f 111/140/104 115/145/106 114/143/20 110/138/16
f 112/137/14 116/142/18 115/145/106 111/140/104
f 113/141/105 117/146/107 120/147/22 116/142/18
f 114/143/20 118/148/24 117/149/107 113/144/105
f 115/145/106 119/150/108 118/148/24 114/143/20
f 116/142/18 120/147/22 119/150/108 115/145/106
f 117/146/107 121/151/109 124/152/26 120/147/22
f 118/148/24 122/153/28 121/154/109 117/149/107
f 119/150/108 123/155/110 122/153/28 118/148/24
f 120/147/22 124/152/26 123/155/110 119/150/108
f 121/151/109 125/156/111 128/157/30 124/152/26
f 122/153/28 126/158/32 125/159/111 121/154/109
f 123/155/110 127/160/112 126/158/32 122/153/28
f 124/152/26 128/157/30 127/160/112 123/155/110
f 125/156/111 129/161/113 132/162/34 128/157/30
f 126/158/32 130/163/36 129/164/113 125/159/111
f 127/160/112 131/165/114 130/163/36 126/158/32
f 128/157/30 132/162/34 131/165/114 127/160/112
f 129/161/113 133/166/115 136/167/38 132/162/34
f 130/163/36 134/168/40 133/169/115 129/164/113
f 131/165/114 135/170/116 134/168/40 130/163/36
f 132/162/34 136/167/38 135/170/116 131/165/114
f 133/166/115 137/171/117 140/172/42 136/167/38
f 134/168/40 138/173/44 137/174/117 133/169/115
f 135/170/116 139/175/118 138/173/44 134/168/40
f 136/167/38 140/172/42 139/175/118 135/170/116
f 137/171/117 141/176/119 144/177/46 140/172/42
f 138/173/44 142/178/48 141/179/119 137/174/117
f 139/175/118 143/180/120 142/178/48 138/173/44
f 140/172/42 144/177/46 143/180/120 139/175/118
f 141/176/119 145/181/121 148/182/50 144/177/46
f 142/178/48 146/183/52 145/184/121 141/179/119
f 143/180/120 147/185/122 146/183/52 142/178/48
f 144/177/46 148/182/50 147/185/122 143/180/120
f 145/181/121 149/186/123 152/187/54 148/182/50
f 146/183/52 150/188/56 149/189/123 145/184/121
f 147/185/122 151/190/124 150/188/56 146/183/52
f 148/182/50 152/187/54 151/190/124 147/185/122
f 149/186/123 153/191/125 156/192/58 152/187/54
f 150/188/56 154/193/60 153/194/125 149/189/123
f 151/190/124 155/195/126 154/193/60 150/188/56
f 152/187/54 156/192/58 155/195/126 151/190/124
f 153/191/125 157/196/127 160/197/62 156/192/58
f 154/193/60 158/198/64 157/199/127 153/194/125
f 155/195/126 159/200/128 158/198/64 154/193/60
f 156/192/58 160/197/62 159/200/128 155/195/126
f 157/196/127 161/201/129 164/202/66 160/197/62
f 158/198/64 162/203/68 161/204/129 157/199/127
f 159/200/128 163/205/130 162/203/68 158/198/64
f 160/197/62 164/202/66 163/205/130 159/200/128
f 161/201/129 165/206/131 168/207/70 164/202/66
f 162/203/68 166/208/72 165/209/131 161/204/129
f 163/205/130 167/210/132 166/208/72 162/203/68
f 164/202/66 168/207/70 167/210/132 163/205/130
f 165/206/131 169/211/133 172/212/74 168/207/70
f 166/208/72 170/213/76 169/214/133 165/209/131
f 167/210/132 171/215/134 170/213/76 166/208/72
f 168/207/70 172/212/74 171/215/134 167/210/132
f 169/211/133 173/216/135 176/217/78 172/212/74
f 170/213/76 174/218/80 173/219/135 169/214/133
f 171/215/134 175/220/136 174/218/80 170/213/76
f 172/212/74 176/217/78 175/220/136 171/215/134
f 173/216/135 177/221/137 180/222/82 176/217/78
f 174/218/80 178/223/84 177/224/137 173/219/135
f 175/220/136 179/225/138 178/223/84 174/218/80
f 176/217/78 180/222/82 179/225/138 175/220/136
f 177/221/137 181/226/139 184/227/86 180/222/82
f 178/223/84 182/228/88 181/229/139 177/224/137
f 179/225/138 183/230/140 182/228/88 178/223/84
f 180/222/82 184/227/86 183/230/140 179/225/138
f 181/226/139 185/231/141 188/232/90 184/227/86
f 182/228/88 186/233/92 185/234/141 181/229/139
f 183/230/140 187/235/142 186/233/92 182/228/88
f 184/227/86 188/232/90 187/235/142 183/230/140
f 185/231/141 189/236/143 192/237/94 188/232/90
f 186/233/92 190/238/96 189/239/143 185/234/141
f 187/235/142 191/240/144 190/238/96 186/233/92
f 188/232/90 192/237/94 191/240/144 187/235/142
f 189/236/143 1/241/1 4/242/4 192/237/94
f 190/238/96 2/243/2 1/244/1 189/239/143
f 191/240/144 3/245/3 2/243/2 190/238/96
f 192/237/94 4/242/4 3/245/3 191/240/144
o BézierCircle.001
v 0.028539 -1.300000 0.037515
v 0.028539 -1.287000 0.047515
v 0.028539 -1.300000 0.057515
v 0.028539 -1.313000 0.047515
v 0.164199 -1.288128 0.037515
v 0.162859 -1.275246 0.047515
v 0.164199 -1.288128 0.057515
v 0.165540 -1.301011 0.047515
v 0.294323 -1.253548 0.037515
v 0.291675 -1.241012 0.047515
v 0.294323 -1.253548 0.057515
v 0.296971 -1.266084 0.047515
v 0.417717 -1.197810 0.037515
v 0.413824 -1.185836 0.047515
v 0.417717 -1.197810 0.057515
v 0.421609 -1.209785 0.047515
v 0.533187 -1.122466 0.037515
v 0.528135 -1.111247 0.047515
v 0.533187 -1.122466 0.057515
v 0.538239 -1.133685 0.047515
v 0.639541 -1.029066 0.037515
v 0.633426 -1.018780 0.047515
v 0.639541 -1.029066 0.057515
v 0.645656 -1.039352 0.047515
v 0.735586 -0.919161 0.037515
v 0.728515 -0.909969 0.047515
v 0.735586 -0.919161 0.057515
v 0.742657 -0.928353 0.047515
v 0.820128 -0.794303 0.037515
v 0.812215 -0.786354 0.047515
v 0.820128 -0.794303 0.057515
v 0.828040 -0.802253 0.047515
v 0.891974 -0.656043 0.037515
v 0.883344 -0.649475 0.047515
v 0.891974 -0.656043 0.057515
v 0.900604 -0.662611 0.047515
v 0.949931 -0.505931 0.037515
v 0.940720 -0.500871 0.047515
v 0.949931 -0.505931 0.057515
v 0.959143 -0.510991 0.047515
v 0.992807 -0.345519 0.037515
v 0.983164 -0.342077 0.047515
v 0.992807 -0.345519 0.057515
v 1.002450 -0.348962 0.047515
v 1.019407 -0.176359 0.037515
v 1.009497 -0.174616 0.047515
v 1.019407 -0.176359 0.057515
v 1.029317 -0.178101 0.047515
v 1.028539 -0.000000 0.037515
v 1.018539 0.000000 0.047515
v 1.028539 0.000000 0.057515
v 1.038539 -0.000000 0.047515
v 1.019407 0.176359 0.037515
v 1.009497 0.174616 0.047515
v 1.019407 0.176359 0.057515
v 1.029317 0.178101 0.047515
v 0.992807 0.345519 0.037515
v 0.983164 0.342077 0.047515
v 0.992807 0.345519 0.057515
v 1.002450 0.348962 0.047515
v 0.949931 0.505931 0.037515
v 0.940720 0.500871 0.047515
v 0.949931 0.505931 0.057515
v 0.959143 0.510991 0.047515
v 0.891974 0.656043 0.037515
v 0.883344 0.649475 0.047515
v 0.891974 0.656043 0.057515
v 0.900604 0.662611 0.047515
v 0.820128 0.794303 0.037515
v 0.812215 0.786353 0.047515
v 0.820128 0.794303 0.057515
v 0.828040 0.802252 0.047515
v 0.735586 0.919161 0.037515
v 0.728515 0.909968 0.047515
v 0.735586 0.919161 0.057515
v 0.742657 0.928353 0.047515
v 0.639541 1.029065 0.037515
v 0.633426 1.018779 0.047515
v 0.639541 1.029065 0.057515
v 0.645656 1.039352 0.047515
v 0.533187 1.122466 0.037515
v 0.528135 1.111247 0.047515
v 0.533187 1.122466 0.057515
v 0.538239 1.133684 0.047515
v 0.417717 1.197810 0.037515
v 0.413824 1.185835 0.047515
v 0.417717 1.197810 0.057515
v 0.421609 1.209785 0.047515
v 0.294323 1.253548 0.037515
v 0.291675 1.241012 0.047515
v 0.294323 1.253548 0.057515
v 0.296971 1.266084 0.047515
v 0.164199 1.288128 0.037515
v 0.162859 1.275246 0.047515
v 0.164199 1.288128 0.057515
v 0.165540 1.301011 0.047515
v 0.028539 1.300000 0.037515
v 0.028539 1.287000 0.047515
v 0.028539 1.300000 0.057515
v 0.028539 1.313000 0.047515
v -0.107122 1.288128 0.037515
v -0.105782 1.275246 0.047515
v -0.107122 1.288128 0.057515
v -0.108462 1.301011 0.047515
v -0.237245 1.253548 0.037515
v -0.234597 1.241012 0.047515
v -0.237245 1.253548 0.057515
v -0.239894 1.266084 0.047515
v -0.360639 1.197810 0.037515
v -0.356747 1.185836 0.047515
v -0.360639 1.197810 0.057515
v -0.364531 1.209785 0.047515
v -0.476109 1.122466 0.037515
v -0.471057 1.111247 0.047515
v -0.476109 1.122466 0.057515
v -0.481162 1.133685 0.047515
v -0.582464 1.029066 0.037515
v -0.576349 1.018780 0.047515
v -0.582464 1.029066 0.057515
v -0.588579 1.039352 0.047515
v -0.678508 0.919161 0.037515
v -0.671437 0.909969 0.047515
v -0.678508 0.919161 0.057515
v -0.685579 0.928353 0.047515
v -0.763050 0.794303 0.037515
v -0.755138 0.786354 0.047515
v -0.763050 0.794303 0.057515
v -0.770963 0.802253 0.047515
v -0.834896 0.656043 0.037515
v -0.826267 0.649475 0.047515
v -0.834896 0.656043 0.057515
v -0.843526 0.662611 0.047515
v -0.892854 0.505931 0.037515
v -0.883642 0.500871 0.047515
v -0.892854 0.505931 0.057515
v -0.902065 0.510991 0.047515
v -0.935729 0.345519 0.037515
v -0.926086 0.342077 0.047515
v -0.935729 0.345519 0.057515
v -0.945372 0.348962 0.047515
v -0.962329 0.176359 0.037515
v -0.952420 0.174616 0.047515
v -0.962329 0.176359 0.057515
v -0.972239 0.178101 0.047515
v -0.971461 -0.000000 0.037515
v -0.961461 -0.000000 0.047515
v -0.971461 0.000000 0.057515
v -0.981461 0.000000 0.047515
v -0.962329 -0.176359 0.037515
v -0.952420 -0.174616 0.047515
v -0.962329 -0.176359 0.057515
v -0.972239 -0.178101 0.047515
v -0.935729 -0.345519 0.037515
v -0.926086 -0.342077 0.047515
v -0.935729 -0.345519 0.057515
v -0.945372 -0.348962 0.047515
v -0.892854 -0.505931 0.037515
v -0.883643 -0.500871 0.047515
v -0.892854 -0.505931 0.057515
v -0.902065 -0.510991 0.047515
v -0.834897 -0.656043 0.037515
v -0.826267 -0.649475 0.047515
v -0.834897 -0.656043 0.057515
v -0.843526 -0.662611 0.047515
v -0.763050 -0.794303 0.037515
v -0.755138 -0.786353 0.047515
v -0.763050 -0.794303 0.057515
v -0.770963 -0.802252 0.047515
v -0.678508 -0.919161 0.037515
v -0.671437 -0.909968 0.047515
v -0.678508 -0.919161 0.057515
v -0.685579 -0.928353 0.047515
v -0.582464 -1.029065 0.037515
v -0.576349 -1.018779 0.047515
v -0.582464 -1.029065 0.057515
v -0.588579 -1.039352 0.047515
v -0.476110 -1.122466 0.037515
v -0.471057 -1.111247 0.047515
v -0.476110 -1.122466 0.057515
v -0.481162 -1.133684 0.047515
v -0.360639 -1.197810 0.037515
v -0.356747 -1.185835 0.047515
v -0.360639 -1.197810 0.057515
v -0.364531 -1.209785 0.047515
v -0.237246 -1.253548 0.037515
v -0.234597 -1.241012 0.047515
v -0.237246 -1.253548 0.057515
v -0.239894 -1.266084 0.047515
v -0.107122 -1.288128 0.037515
v -0.105782 -1.275246 0.047515
v -0.107122 -1.288128 0.057515
v -0.108462 -1.301011 0.047515
vn -0.0000 -0.0232 -0.9997
vn -0.0000 1.0000 -0.0000
vn -0.0000 -0.0232 0.9997
vn -0.0000 -1.0000 -0.0000
vn 0.0040 -0.0230 -0.9997
vn -0.1732 0.9849 -0.0000
vn 0.0040 -0.0230 0.9997
vn 0.1732 -0.9849 -0.0000
vn 0.0079 -0.0221 -0.9997
vn -0.3362 0.9418 -0.0000
vn 0.0079 -0.0221 0.9997
vn 0.3362 -0.9418 -0.0000
vn 0.0114 -0.0208 -0.9997
vn -0.4815 0.8765 -0.0000
vn 0.0114 -0.0208 0.9997
vn 0.4815 -0.8765 -0.0000
vn 0.0146 -0.0192 -0.9997
vn -0.6056 0.7957 -0.0000
vn 0.0146 -0.0192 0.9997
vn 0.6056 -0.7957 -0.0000
vn 0.0175 -0.0175 -0.9997
vn -0.7088 0.7055 -0.0000
vn 0.0175 -0.0175 0.9997
vn 0.7088 -0.7055 -0.0000
vn 0.0202 -0.0156 -0.9997
vn -0.7926 0.6097 -0.0000
vn 0.0202 -0.0156 0.9997
vn 0.7926 -0.6097 -0.0000
vn 0.0227 -0.0135 -0.9997
vn -0.8596 0.5110 -0.0000
vn 0.0227 -0.0135 0.9997
vn 0.8596 -0.5110 -0.0000
vn 0.0250 -0.0113 -0.9996
vn -0.9118 0.4106 -0.0000
vn 0.0250 -0.0113 0.9996
vn 0.9118 -0.4106 -0.0000
vn 0.0271 -0.0088 -0.9996
vn -0.9510 0.3091 -0.0000
vn 0.0271 -0.0088 0.9996
vn 0.9510 -0.3091 -0.0000
vn 0.0288 -0.0061 -0.9996
vn -0.9784 0.2067 -0.0000
vn 0.0288 -0.0061 0.9996
vn 0.9784 -0.2067 -0.0000
vn 0.0299 -0.0031 -0.9995
vn -0.9946 0.1035 -0.0000
vn 0.0299 -0.0031 0.9995
vn 0.9946 -0.1035 -0.0000
vn 0.0302 -0.0000 -0.9995
vn -1.0000 -0.0000 -0.0000
vn 0.0302 -0.0000 0.9995
vn 1.0000 -0.0000 -0.0000
vn 0.0299 0.0031 -0.9995
vn -0.9946 -0.1035 -0.0000
vn 0.0299 0.0031 0.9995
vn 0.9946 0.1035 -0.0000
vn 0.0288 0.0061 -0.9996
vn -0.9784 -0.2067 -0.0000
vn 0.0288 0.0061 0.9996
vn 0.9784 0.2067 -0.0000
vn 0.0271 0.0088 -0.9996
vn -0.9510 -0.3091 -0.0000
vn 0.0271 0.0088 0.9996
vn 0.9510 0.3091 -0.0000
vn 0.0250 0.0113 -0.9996
vn -0.9118 -0.4106 -0.0000
vn 0.0250 0.0113 0.9996
vn 0.9118 0.4106 -0.0000
vn 0.0227 0.0135 -0.9997
vn -0.8596 -0.5110 -0.0000
vn 0.0227 0.0135 0.9997
vn 0.8596 0.5110 -0.0000
vn 0.0202 0.0156 -0.9997
vn -0.7926 -0.6097 -0.0000
vn 0.0202 0.0156 0.9997
vn 0.7926 0.6097 -0.0000
vn 0.0175 0.0175 -0.9997
vn -0.7088 -0.7055 -0.0000
vn 0.0175 0.0175 0.9997
vn 0.7088 0.7055 -0.0000
vn 0.0146 0.0192 -0.9997
vn -0.6056 -0.7957 -0.0000
vn 0.0146 0.0192 0.9997
vn 0.6056 0.7957 -0.0000
vn 0.0114 0.0208 -0.9997
vn -0.4815 -0.8765 -0.0000
vn 0.0114 0.0208 0.9997
vn 0.4815 0.8765 -0.0000
vn 0.0079 0.0221 -0.9997
vn -0.3362 -0.9418 -0.0000
vn 0.0079 0.0221 0.9997
vn 0.3362 0.9418 -0.0000
vn 0.0040 0.0230 -0.9997
vn -0.1732 -0.9849 -0.0000
vn 0.0040 0.0230 0.9997
vn 0.1732 0.9849 -0.0000
vn -0.0000 0.0232 -0.9997
vn -0.0000 0.0232 0.9997
vn -0.0040 0.0230 -0.9997
vn -0.0040 0.0230 0.9997
vn -0.0079 0.0221 -0.9997
vn -0.0079 0.0221 0.9997
vn -0.0114 0.0208 -0.9997
vn -0.0114 0.0208 0.9997
vn -0.0146 0.0192 -0.9997
vn -0.0146 0.0192 0.9997
vn -0.0175 0.0175 -0.9997
vn -0.0175 0.0175 0.9997
vn -0.0202 0.0156 -0.9997
vn -0.0202 0.0156 0.9997
vn -0.0227 0.0135 -0.9997
vn -0.0227 0.0135 0.9997
vn -0.0250 0.0113 -0.9996
vn -0.0250 0.0113 0.9996
vn -0.0271 0.0088 -0.9996
vn -0.0271 0.0088 0.9996
vn -0.0288 0.0061 -0.9996
vn -0.0288 0.0061 0.9996
vn -0.0299 0.0031 -0.9995
vn -0.0299 0.0031 0.9995
vn -0.0302 -0.0000 -0.9995
vn -0.0302 -0.0000 0.9995
vn -0.0299 -0.0031 -0.9995
vn -0.0299 -0.0031 0.9995
vn -0.0288 -0.0061 -0.9996
vn -0.0288 -0.0061 0.9996
vn -0.0271 -0.0088 -0.9996
vn -0.0271 -0.0088 0.9996
vn -0.0250 -0.0113 -0.9996
vn -0.0250 -0.0113 0.9996
vn -0.0227 -0.0135 -0.9997
vn -0.0227 -0.0135 0.9997
vn -0.0202 -0.0156 -0.9997
vn -0.0202 -0.0156 0.9997
vn -0.0175 -0.0175 -0.9997
vn -0.0175 -0.0175 0.9997
vn -0.0146 -0.0192 -0.9997
vn -0.0146 -0.0192 0.9997
vn -0.0114 -0.0208 -0.9997
vn -0.0114 -0.0208 0.9997
vn -0.0079 -0.0221 -0.9997
vn -0.0079 -0.0221 0.9997
vn -0.0040 -0.0230 -0.9997
vn -0.0040 -0.0230 0.9997
vt 0.000000 1.000000
vt 0.020833 1.000000
vt 0.020833 0.750000
vt 0.000000 0.750000
vt 0.000000 0.250000
vt 0.020833 0.250000
vt 0.020833 0.000000
vt 0.000000 0.000000
vt 0.000000 0.500000
vt 0.020833 0.500000
vt 0.041667 1.000000
vt 0.041667 0.750000
vt 0.041667 0.250000
vt 0.041667 0.000000
vt 0.041667 0.500000
vt 0.062500 1.000000
vt 0.062500 0.750000
vt 0.062500 0.250000
vt 0.062500 0.000000
vt 0.062500 0.500000
vt 0.083333 1.000000
vt 0.083333 0.750000
vt 0.083333 0.250000
vt 0.083333 0.000000
vt 0.083333 0.500000
vt 0.104167 1.000000
vt 0.104167 0.750000
vt 0.104167 0.250000
vt 0.104167 0.000000
vt 0.104167 0.500000
vt 0.125000 1.000000
vt 0.125000 0.750000
vt 0.125000 0.250000
vt 0.125000 0.000000
vt 0.125000 0.500000
vt 0.145833 1.000000
vt 0.145833 0.750000
vt 0.145833 0.250000
vt 0.145833 0.000000
vt 0.145833 0.500000
vt 0.166667 1.000000
vt 0.166667 0.750000
vt 0.166667 0.250000
vt 0.166667 0.000000
vt 0.166667 0.500000
vt 0.187500 1.000000
vt 0.187500 0.750000
vt 0.187500 0.250000
vt 0.187500 0.000000
vt 0.187500 0.500000
vt 0.208333 1.000000
vt 0.208333 0.750000
vt 0.208333 0.250000
vt 0.208333 0.000000
vt 0.208333 0.500000
vt 0.229167 1.000000
vt 0.229167 0.750000
vt 0.229167 0.250000
vt 0.229167 0.000000
vt 0.229167 0.500000
vt 0.250000 1.000000
vt 0.250000 0.750000
vt 0.250000 0.250000
vt 0.250000 0.000000
vt 0.250000 0.500000
vt 0.270833 1.000000
vt 0.270833 0.750000
vt 0.270833 0.250000
vt 0.270833 0.000000
vt 0.270833 0.500000
vt 0.291667 1.000000
vt 0.291667 0.750000
vt 0.291667 0.250000
vt 0.291667 0.000000
vt 0.291667 0.500000
vt 0.312500 1.000000
vt 0.312500 0.750000
vt 0.312500 0.250000
vt 0.312500 0.000000
vt 0.312500 0.500000
vt 0.333333 1.000000
vt 0.333333 0.750000
vt 0.333333 0.250000
vt 0.333333 0.000000
vt 0.333333 0.500000
vt 0.354167 1.000000
vt 0.354167 0.750000
vt 0.354167 0.250000
vt 0.354167 0.000000
vt 0.354167 0.500000
vt 0.375000 1.000000
vt 0.375000 0.750000
vt 0.375000 0.250000
vt 0.375000 0.000000
vt 0.375000 0.500000
vt 0.395833 1.000000
vt 0.395833 0.750000
vt 0.395833 0.250000
vt 0.395833 0.000000
vt 0.395833 0.500000
vt 0.416667 1.000000
vt 0.416667 0.750000
vt 0.416667 0.250000
vt 0.416667 0.000000
vt 0.416667 0.500000
vt 0.437500 1.000000
vt 0.437500 0.750000
vt 0.437500 0.250000
vt 0.437500 0.000000
vt 0.437500 0.500000
vt 0.458333 1.000000
vt 0.458333 0.750000
vt 0.458333 0.250000
vt 0.458333 0.000000
vt 0.458333 0.500000
vt 0.479167 1.000000
vt 0.479167 0.750000
vt 0.479167 0.250000
vt 0.479167 0.000000
vt 0.479167 0.500000
vt 0.500000 1.000000
vt 0.500000 0.750000
vt 0.500000 0.250000
vt 0.500000 0.000000
vt 0.500000 0.500000
vt 0.520833 1.000000
vt 0.520833 0.750000
vt 0.520833 0.250000
vt 0.520833 0.000000
vt 0.520833 0.500000
vt 0.541667 1.000000
vt 0.541667 0.750000
vt 0.541667 0.250000
vt 0.541667 0.000000
vt 0.541667 0.500000
vt 0.562500 1.000000
vt 0.562500 0.750000
vt 0.562500 0.250000
vt 0.562500 0.000000
vt 0.562500 0.500000
vt 0.583333 1.000000
vt 0.583333 0.750000
vt 0.583333 0.250000
vt 0.583333 0.000000
vt 0.583333 0.500000
vt 0.604167 1.000000
vt 0.604167 0.750000
vt 0.604167 0.250000
vt 0.604167 0.000000
vt 0.604167 0.500000
vt 0.625000 1.000000
vt 0.625000 0.750000
vt 0.625000 0.250000
vt 0.625000 0.000000
vt 0.625000 0.500000
vt 0.645833 1.000000
vt 0.645833 0.750000
vt 0.645833 0.250000
vt 0.645833 0.000000
vt 0.645833 0.500000
vt 0.666667 1.000000
vt 0.666667 0.750000
vt 0.666667 0.250000
vt 0.666667 0.000000
vt 0.666667 0.500000
vt 0.687500 1.000000
vt 0.687500 0.750000
vt 0.687500 0.250000
vt 0.687500 0.000000
vt 0.687500 0.500000
vt 0.708333 1.000000
vt 0.708333 0.750000
vt 0.708333 0.250000
vt 0.708333 0.000000
vt 0.708333 0.500000
vt 0.729167 1.000000
vt 0.729167 0.750000
vt 0.729167 0.250000
vt 0.729167 0.000000
vt 0.729167 0.500000
vt 0.750000 1.000000
vt 0.750000 0.750000
vt 0.750000 0.250000
vt 0.750000 0.000000
vt 0.750000 0.500000
vt 0.770833 1.000000
vt 0.770833 0.750000
vt 0.770833 0.250000
vt 0.770833 0.000000
vt 0.770833 0.500000
vt 0.791667 1.000000
vt 0.791667 0.750000
vt 0.791667 0.250000
vt 0.791667 0.000000
vt 0.791667 0.500000
vt 0.812500 1.000000
vt 0.812500 0.750000
vt 0.812500 0.250000
vt 0.812500 0.000000
vt 0.812500 0.500000
vt 0.833333 1.000000
vt 0.833333 0.750000
vt 0.833333 0.250000
vt 0.833333 0.000000
vt 0.833333 0.500000
vt 0.854167 1.000000
vt 0.854167 0.750000
vt 0.854167 0.250000
vt 0.854167 0.000000
vt 0.854167 0.500000
vt 0.875000 1.000000
vt 0.875000 0.750000
vt 0.875000 0.250000
vt 0.875000 0.000000
vt 0.875000 0.500000
vt 0.895833 1.000000
vt 0.895833 0.750000
vt 0.895833 0.250000
vt 0.895833 0.000000
vt 0.895833 0.500000
vt 0.916667 1.000000
vt 0.916667 0.750000
vt 0.916667 0.250000
vt 0.916667 0.000000
vt 0.916667 0.500000
vt 0.937500 1.000000
vt 0.937500 0.750000
vt 0.937500 0.250000
vt 0.937500 0.000000
vt 0.937500 0.500000
vt 0.958333 1.000000
vt 0.958333 0.750000
vt 0.958333 0.250000
vt 0.958333 0.000000
vt 0.958333 0.500000
vt 0.979167 1.000000
vt 0.979167 0.750000
vt 0.979167 0.250000
vt 0.979167 0.000000
vt 0.979167 0.500000
vt 1.000000 1.000000
vt 1.000000 0.750000
vt 1.000000 0.250000
vt 1.000000 0.000000
vt 1.000000 0.500000
s 1
f 193/246/145 197/247/149 200/248/152 196/249/148
f 194/250/146 198/251/150 197/252/149 193/253/145
f 195/254/147 199/255/151 198/251/150 194/250/146
f 196/249/148 200/248/152 199/255/151 195/254/147
f 197/247/149 201/256/153 204/257/156 200/248/152
f 198/251/150 202/258/154 201/259/153 197/252/149
f 199/255/151 203/260/155 202/258/154 198/251/150
f 200/248/152 204/257/156 203/260/155 199/255/151
f 201/256/153 205/261/157 208/262/160 204/257/156
f 202/258/154 206/263/158 205/264/157 201/259/153
f 203/260/155 207/265/159 206/263/158 202/258/154
f 204/257/156 208/262/160 207/265/159 203/260/155
f 205/261/157 209/266/161 212/267/164 208/262/160
f 206/263/158 210/268/162 209/269/161 205/264/157
f 207/265/159 211/270/163 210/268/162 206/263/158
f 208/262/160 212/267/164 211/270/163 207/265/159
f 209/266/161 213/271/165 216/272/168 212/267/164
f 210/268/162 214/273/166 213/274/165 209/269/161
f 211/270/163 215/275/167 214/273/166 210/268/162
f 212/267/164 216/272/168 215/275/167 211/270/163
f 213/271/165 217/276/169 220/277/172 216/272/168
f 214/273/166 218/278/170 217/279/169 213/274/165
f 215/275/167 219/280/171 218/278/170 214/273/166
f 216/272/168 220/277/172 219/280/171 215/275/167
f 217/276/169 221/281/173 224/282/176 220/277/172
f 218/278/170 222/283/174 221/284/173 217/279/169
f 219/280/171 223/285/175 222/283/174 218/278/170
f 220/277/172 224/282/176 223/285/175 219/280/171
f 221/281/173 225/286/177 228/287/180 224/282/176
f 222/283/174 226/288/178 225/289/177 221/284/173
f 223/285/175 227/290/179 226/288/178 222/283/174
f 224/282/176 228/287/180 227/290/179 223/285/175
f 225/286/177 229/291/181 232/292/184 228/287/180
f 226/288/178 230/293/182 229/294/181 225/289/177
f 227/290/179 231/295/183 230/293/182 226/288/178
f 228/287/180 232/292/184 231/295/183 227/290/179
f 229/291/181 233/296/185 236/297/188 232/292/184
f 230/293/182 234/298/186 233/299/185 229/294/181
f 231/295/183 235/300/187 234/298/186 230/293/182
f 232/292/184 236/297/188 235/300/187 231/295/183
f 233/296/185 237/301/189 240/302/192 236/297/188
f 234/298/186 238/303/190 237/304/189 233/299/185
f 235/300/187 239/305/191 238/303/190 234/298/186
f 236/297/188 240/302/192 239/305/191 235/300/187
f 237/301/189 241/306/193 244/307/196 240/302/192
f 238/303/190 242/308/194 241/309/193 237/304/189
f 239/305/191 243/310/195 242/308/194 238/303/190
f 240/302/192 244/307/196 243/310/195 239/305/191
f 241/306/193 245/311/197 248/312/200 244/307/196
f 242/308/194 246/313/198 245/314/197 241/309/193
f 243/310/195 247/315/199 246/313/198 242/308/194
f 244/307/196 248/312/200 247/315/199 243/310/195
f 245/311/197 249/316/201 252/317/204 248/312/200
f 246/313/198 250/318/202 249/319/201 245/314/197
f 247/315/199 251/320/203 250/318/202 246/313/198
f 248/312/200 252/317/204 251/320/203 247/315/199
f 249/316/201 253/321/205 256/322/208 252/317/204
f 250/318/202 254/323/206 253/324/205 249/319/201
f 251/320/203 255/325/207 254/323/206 250/318/202
f 252/317/204 256/322/208 255/325/207 251/320/203
f 253/321/205 257/326/209 260/327/212 256/322/208
f 254/323/206 258/328/210 257/329/209 253/324/205
f 255/325/207 259/330/211 258/328/210 254/323/206
f 256/322/208 260/327/212 259/330/211 255/325/207
f 257/326/209 261/331/213 264/332/216 260/327/212
f 258/328/210 262/333/214 261/334/213 257/329/209
f 259/330/211 263/335/215 262/333/214 258/328/210
f 260/327/212 264/332/216 263/335/215 259/330/211
f 261/331/213 265/336/217 268/337/220 264/332/216
f 262/333/214 266/338/218 265/339/217 261/334/213
f 263/335/215 267/340/219 266/338/218 262/333/214
f 264/332/216 268/337/220 267/340/219 263/335/215
f 265/336/217 269/341/221 272/342/224 268/337/220
f 266/338/218 270/343/222 269/344/221 265/339/217
f 267/340/219 271/345/223 270/343/222 266/338/218
f 268/337/220 272/342/224 271/345/223 267/340/219
f 269/341/221 273/346/225 276/347/228 272/342/224
f 270/343/222 274/348/226 273/349/225 269/344/221
f 271/345/223 275/350/227 274/348/226 270/343/222
f 272/342/224 276/347/228 275/350/227 271/345/223
f 273/346/225 277/351/229 280/352/232 276/347/228
f 274/348/226 278/353/230 277/354/229 273/349/225
f 275/350/227 279/355/231 278/353/230 274/348/226
f 276/347/228 280/352/232 279/355/231 275/350/227
f 277/351/229 281/356/233 284/357/236 280/352/232
f 278/353/230 282/358/234 281/359/233 277/354/229
f 279/355/231 283/360/235 282/358/234 278/353/230
f 280/352/232 284/357/236 283/360/235 279/355/231
f 281/356/233 285/361/237 288/362/240 284/357/236
f 282/358/234 286/363/238 285/364/237 281/359/233
f 283/360/235 287/365/239 286/363/238 282/358/234
f 284/357/236 288/362/240 287/365/239 283/360/235
f 285/361/237 289/366/241 292/367/146 288/362/240
f 286/363/238 290/368/148 289/369/241 285/364/237
f 287/365/239 291/370/242 290/368/148 286/363/238
f 288/362/240 292/367/146 291/370/242 287/365/239
f 289/366/241 293/371/243 296/372/150 292/367/146
f 290/368/148 294/373/152 293/374/243 289/369/241
f 291/370/242 295/375/244 294/373/152 290/368/148
f 292/367/146 296/372/150 295/375/244 291/370/242
f 293/371/243 297/376/245 300/377/154 296/372/150
f 294/373/152 298/378/156 297/379/245 293/374/243
f 295/375/244 299/380/246 298/378/156 294/373/152
f 296/372/150 300/377/154 299/380/246 295/375/244
f 297/376/245 301/381/247 304/382/158 300/377/154
f 298/378/156 302/383/160 301/384/247 297/379/245
f 299/380/246 303/385/248 302/383/160 298/378/156
f 300/377/154 304/382/158 303/385/248 299/380/246
f 301/381/247 305/386/249 308/387/162 304/382/158
f 302/383/160 306/388/164 305/389/249 301/384/247
f 303/385/248 307/390/250 306/388/164 302/383/160
f 304/382/158 308/387/162 307/390/250 303/385/248
f 305/386/249 309/391/251 312/392/166 308/387/162
f 306/388/164 310/393/168 309/394/251 305/389/249
f 307/390/250 311/395/252 310/393/168 306/388/164
f 308/387/162 312/392/166 311/395/252 307/390/250
f 309/391/251 313/396/253 316/397/170 312/392/166
f 310/393/168 314/398/172 313/399/253 309/394/251
f 311/395/252 315/400/254 314/398/172 310/393/168
f 312/392/166 316/397/170 315/400/254 311/395/252
f 313/396/253 317/401/255 320/402/174 316/397/170
f 314/398/172 318/403/176 317/404/255 313/399/253
f 315/400/254 319/405/256 318/403/176 314/398/172
f 316/397/170 320/402/174 319/405/256 315/400/254
f 317/401/255 321/406/257 324/407/178 320/402/174
f 318/403/176 322/408/180 321/409/257 317/404/255
f 319/405/256 323/410/258 322/408/180 318/403/176
f 320/402/174 324/407/178 323/410/258 319/405/256
f 321/406/257 325/411/259 328/412/182 324/407/178
f 322/408/180 326/413/184 325/414/259 321/409/257
f 323/410/258 327/415/260 326/413/184 322/408/180
f 324/407/178 328/412/182 327/415/260 323/410/258
f 325/411/259 329/416/261 332/417/186 328/412/182
f 326/413/184 330/418/188 329/419/261 325/414/259
f 327/415/260 331/420/262 330/418/188 326/413/184
f 328/412/182 332/417/186 331/420/262 327/415/260
f 329/416/261 333/421/263 336/422/190 332/417/186
f 330/418/188 334/423/192 333/424/263 329/419/261
f 331/420/262 335/425/264 334/423/192 330/418/188
f 332/417/186 336/422/190 335/425/264 331/420/262
f 333/421/263 337/426/265 340/427/194 336/422/190
f 334/423/192 338/428/196 337/429/265 333/424/263
f 335/425/264 339/430/266 338/428/196 334/423/192
f 336/422/190 340/427/194 339/430/266 335/425/264
f 337/426/265 341/431/267 344/432/198 340/427/194
f 338/428/196 342/433/200 341/434/267 337/429/265
f 339/430/266 343/435/268 342/433/200 338/428/196
f 340/427/194 344/432/198 343/435/268 339/430/266
f 341/431/267 345/436/269 348/437/202 344/432/198
f 342/433/200 346/438/204 345/439/269 341/434/267
f 343/435/268 347/440/270 346/438/204 342/433/200
f 344/432/198 348/437/202 347/440/270 343/435/268
f 345/436/269 349/441/271 352/442/206 348/437/202
f 346/438/204 350/443/208 349/444/271 345/439/269
f 347/440/270 351/445/272 350/443/208 346/438/204
f 348/437/202 352/442/206 351/445/272 347/440/270
f 349/441/271 353/446/273 356/447/210 352/442/206
f 350/443/208 354/448/212 353/449/273 349/444/271
f 351/445/272 355/450/274 354/448/212 350/443/208
f 352/442/206 356/447/210 355/450/274 351/445/272
f 353/446/273 357/451/275 360/452/214 356/447/210
f 354/448/212 358/453/216 357/454/275 353/449/273
f 355/450/274 359/455/276 358/453/216 354/448/212
f 356/447/210 360/452/214 359/455/276 355/450/274
f 357/451/275 361/456/277 364/457/218 360/452/214
f 358/453/216 362/458/220 361/459/277 357/454/275
f 359/455/276 363/460/278 362/458/220 358/453/216
f 360/452/214 364/457/218 363/460/278 359/455/276
f 361/456/277 365/461/279 368/462/222 364/457/218
f 362/458/220 366/463/224 365/464/279 361/459/277
f 363/460/278 367/465/280 366/463/224 362/458/220
f 364/457/218 368/462/222 367/465/280 363/460/278
f 365/461/279 369/466/281 372/467/226 368/462/222
f 366/463/224 370/468/228 369/469/281 365/464/279
f 367/465/280 371/470/282 370/468/228 366/463/224
f 368/462/222 372/467/226 371/470/282 367/465/280
f 369/466/281 373/471/283 376/472/230 372/467/226
f 370/468/228 374/473/232 373/474/283 369/469/281
f 371/470/282 375/475/284 374/473/232 370/468/228
f 372/467/226 376/472/230 375/475/284 371/470/282
f 373/471/283 377/476/285 380/477/234 376/472/230
f 374/473/232 378/478/236 377/479/285 373/474/283
f 375/475/284 379/480/286 378/478/236 374/473/232
f 376/472/230 380/477/234 379/480/286 375/475/284
f 377/476/285 381/481/287 384/482/238 380/477/234
f 378/478/236 382/483/240 381/484/287 377/479/285
f 379/480/286 383/485/288 382/483/240 378/478/236
f 380/477/234 384/482/238 383/485/288 379/480/286
f 381/481/287 193/486/145 196/487/148 384/482/238
f 382/483/240 194/488/146 193/489/145 381/484/287
f 383/485/288 195/490/147 194/488/146 382/483/240
f 384/482/238 196/487/148 195/490/147 383/485/288
o BézierCircle.002
v 0.035610 -1.300000 0.040444
v 0.028539 -1.287000 0.047515
v 0.021468 -1.300000 0.054586
v 0.028539 -1.313000 0.047515
v 0.131536 -1.288128 0.136370
v 0.123518 -1.275246 0.142494
v 0.117394 -1.288128 0.150513
v 0.125413 -1.301011 0.144389
v 0.223548 -1.253548 0.228382
v 0.214604 -1.241012 0.233580
v 0.209405 -1.253548 0.242524
v 0.218349 -1.266084 0.237325
v 0.310800 -1.197810 0.315634
v 0.300977 -1.185836 0.319953
v 0.296658 -1.197810 0.329776
v 0.306481 -1.209785 0.325458
v 0.392450 -1.122466 0.397284
v 0.381806 -1.111247 0.400783
v 0.378308 -1.122466 0.411426
v 0.388951 -1.133685 0.407928
v 0.467654 -1.029066 0.472488
v 0.456259 -1.018780 0.475235
v 0.453511 -1.029066 0.486630
v 0.464907 -1.039352 0.483883
v 0.535567 -0.919161 0.540402
v 0.523496 -0.909969 0.542473
v 0.521425 -0.919161 0.554544
v 0.533496 -0.928353 0.552473
v 0.595348 -0.794303 0.600182
v 0.582682 -0.786354 0.601658
v 0.581205 -0.794303 0.614324
v 0.593872 -0.802253 0.612848
v 0.646151 -0.656043 0.650985
v 0.632977 -0.649475 0.651954
v 0.632009 -0.656043 0.665127
v 0.645182 -0.662611 0.664158
v 0.687133 -0.505931 0.691967
v 0.673548 -0.500871 0.692524
v 0.672991 -0.505931 0.706109
v 0.686575 -0.510991 0.705551
v 0.717450 -0.345519 0.722284
v 0.703560 -0.342077 0.722537
v 0.703308 -0.345519 0.736426
v 0.717198 -0.348962 0.736174
v 0.736259 -0.176359 0.741093
v 0.722181 -0.174616 0.741157
v 0.722117 -0.176359 0.755236
v 0.736196 -0.178101 0.755172
v 0.742717 -0.000000 0.747551
v 0.728574 0.000000 0.747551
v 0.728574 0.000000 0.761693
v 0.742717 -0.000000 0.761693
v 0.736259 0.176359 0.741093
v 0.722181 0.174616 0.741157
v 0.722117 0.176359 0.755236
v 0.736196 0.178101 0.755172
v 0.717450 0.345519 0.722284
v 0.703561 0.342077 0.722537
v 0.703308 0.345519 0.736426
v 0.717198 0.348962 0.736174
v 0.687133 0.505931 0.691967
v 0.673548 0.500871 0.692524
v 0.672991 0.505931 0.706109
v 0.686575 0.510991 0.705551
v 0.646151 0.656043 0.650985
v 0.632977 0.649475 0.651954
v 0.632009 0.656043 0.665127
v 0.645182 0.662611 0.664158
v 0.595348 0.794303 0.600182
v 0.582682 0.786353 0.601658
v 0.581206 0.794303 0.614324
v 0.593872 0.802252 0.612848
v 0.535568 0.919161 0.540402
v 0.523497 0.909968 0.542473
v 0.521425 0.919161 0.554544
v 0.533496 0.928353 0.552473
v 0.467654 1.029065 0.472488
v 0.456259 1.018779 0.475235
v 0.453512 1.029065 0.486630
v 0.464907 1.039352 0.483883
v 0.392450 1.122466 0.397284
v 0.381806 1.111247 0.400783
v 0.378308 1.122466 0.411426
v 0.388952 1.133684 0.407928
v 0.310800 1.197810 0.315634
v 0.300977 1.185835 0.319953
v 0.296658 1.197810 0.329776
v 0.306481 1.209785 0.325458
v 0.223548 1.253548 0.228382
v 0.214604 1.241012 0.233580
v 0.209406 1.253548 0.242524
v 0.218349 1.266084 0.237325
v 0.131536 1.288128 0.136370
v 0.123518 1.275246 0.142494
v 0.117394 1.288128 0.150513
v 0.125413 1.301011 0.144389
v 0.035610 1.300000 0.040444
v 0.028539 1.287000 0.047515
v 0.021468 1.300000 0.054586
v 0.028539 1.313000 0.047515
v -0.060317 1.288128 -0.055483
v -0.066440 1.275246 -0.047464
v -0.074459 1.288128 -0.041340
v -0.068335 1.301011 -0.049359
v -0.152328 1.253548 -0.147494
v -0.157526 1.241012 -0.138550
v -0.166470 1.253548 -0.133352
v -0.161272 1.266084 -0.142296
v -0.239580 1.197810 -0.234746
v -0.243899 1.185836 -0.224923
v -0.253723 1.197810 -0.220604
v -0.249404 1.209785 -0.230428
v -0.321230 1.122466 -0.316396
v -0.324729 1.111247 -0.305753
v -0.335372 1.122466 -0.302254
v -0.331874 1.133685 -0.312898
v -0.396434 1.029066 -0.391600
v -0.399181 1.018780 -0.380205
v -0.410576 1.029066 -0.377458
v -0.407829 1.039352 -0.388853
v -0.464348 0.919161 -0.459514
v -0.466419 0.909969 -0.447443
v -0.478490 0.919161 -0.445372
v -0.476419 0.928353 -0.457443
v -0.524128 0.794303 -0.519294
v -0.525604 0.786354 -0.506628
v -0.538270 0.794303 -0.505152
v -0.536794 0.802253 -0.517818
v -0.574931 0.656043 -0.570097
v -0.575900 0.649475 -0.556924
v -0.589073 0.656043 -0.555955
v -0.588104 0.662611 -0.569128
v -0.615913 0.505931 -0.611079
v -0.616471 0.500871 -0.597494
v -0.630055 0.505931 -0.596937
v -0.629498 0.510991 -0.610521
v -0.646230 0.345519 -0.641396
v -0.646483 0.342077 -0.627507
v -0.660373 0.345519 -0.627254
v -0.660120 0.348962 -0.641144
v -0.665040 0.176359 -0.660206
v -0.665103 0.174616 -0.646127
v -0.679182 0.176359 -0.646063
v -0.679118 0.178101 -0.660142
v -0.671497 -0.000000 -0.666663
v -0.671497 -0.000000 -0.652521
v -0.685639 0.000000 -0.652521
v -0.685639 0.000000 -0.666663
v -0.665040 -0.176359 -0.660206
v -0.665104 -0.174616 -0.646127
v -0.679182 -0.176359 -0.646064
v -0.679118 -0.178101 -0.660142
v -0.646231 -0.345519 -0.641397
v -0.646483 -0.342077 -0.627507
v -0.660373 -0.345519 -0.627254
v -0.660120 -0.348962 -0.641144
v -0.615913 -0.505931 -0.611079
v -0.616471 -0.500871 -0.597495
v -0.630055 -0.505931 -0.596937
v -0.629498 -0.510991 -0.610521
v -0.574931 -0.656043 -0.570097
v -0.575900 -0.649475 -0.556924
v -0.589073 -0.656043 -0.555955
v -0.588104 -0.662611 -0.569128
v -0.524128 -0.794303 -0.519294
v -0.525604 -0.786353 -0.506628
v -0.538270 -0.794303 -0.505152
v -0.536794 -0.802252 -0.517818
v -0.464348 -0.919161 -0.459514
v -0.466419 -0.909968 -0.447443
v -0.478490 -0.919161 -0.445372
v -0.476419 -0.928353 -0.457443
v -0.396434 -1.029065 -0.391600
v -0.399181 -1.018779 -0.380205
v -0.410576 -1.029065 -0.377458
v -0.407829 -1.039352 -0.388853
v -0.321230 -1.122466 -0.316396
v -0.324729 -1.111247 -0.305753
v -0.335373 -1.122466 -0.302254
v -0.331874 -1.133684 -0.312898
v -0.239581 -1.197810 -0.234746
v -0.243899 -1.185835 -0.224923
v -0.253723 -1.197810 -0.220604
v -0.249404 -1.209785 -0.230428
v -0.152328 -1.253548 -0.147494
v -0.157526 -1.241012 -0.138550
v -0.166470 -1.253548 -0.133352
v -0.161272 -1.266084 -0.142295
v -0.060317 -1.288128 -0.055483
v -0.066440 -1.275246 -0.047464
v -0.074459 -1.288128 -0.041340
v -0.068335 -1.301011 -0.049359
vn 0.7069 -0.0232 -0.7069
vn -0.0000 1.0000 -0.0000
vn -0.7069 -0.0232 0.7069
vn -0.0000 -1.0000 -0.0000
vn 0.7098 -0.0230 -0.7041
vn -0.1224 0.9849 -0.1224
vn -0.7041 -0.0230 0.7098
vn 0.1224 -0.9849 0.1224
vn 0.7125 -0.0221 -0.7013
vn -0.2378 0.9418 -0.2378
vn -0.7013 -0.0221 0.7125
vn 0.2378 -0.9418 0.2378
vn 0.7150 -0.0208 -0.6988
vn -0.3404 0.8765 -0.3404
vn -0.6988 -0.0208 0.7150
vn 0.3404 -0.8765 0.3404
vn 0.7173 -0.0192 -0.6965
vn -0.4282 0.7957 -0.4282
vn -0.6965 -0.0192 0.7173
vn 0.4282 -0.7957 0.4282
vn 0.7193 -0.0175 -0.6945
vn -0.5012 0.7055 -0.5012
vn -0.6945 -0.0175 0.7193
vn 0.5012 -0.7055 0.5012
vn 0.7212 -0.0156 -0.6926
vn -0.5605 0.6097 -0.5605
vn -0.6926 -0.0156 0.7212
vn 0.5605 -0.6097 0.5605
vn 0.7229 -0.0135 -0.6908
vn -0.6078 0.5110 -0.6078
vn -0.6908 -0.0135 0.7229
vn 0.6078 -0.5110 0.6078
vn 0.7245 -0.0113 -0.6892
vn -0.6447 0.4106 -0.6447
vn -0.6892 -0.0113 0.7245
vn 0.6447 -0.4106 0.6447
vn 0.7260 -0.0088 -0.6877
vn -0.6725 0.3091 -0.6725
vn -0.6877 -0.0088 0.7260
vn 0.6725 -0.3091 0.6725
vn 0.7271 -0.0061 -0.6865
vn -0.6918 0.2067 -0.6918
vn -0.6865 -0.0061 0.7271
vn 0.6918 -0.2067 0.6918
vn 0.7280 -0.0031 -0.6856
vn -0.7033 0.1035 -0.7033
vn -0.6856 -0.0031 0.7280
vn 0.7033 -0.1035 0.7033
vn 0.7281 -0.0000 -0.6854
vn -0.7071 -0.0000 -0.7071
vn -0.6854 -0.0000 0.7281
vn 0.7071 -0.0000 0.7071
vn 0.7280 0.0031 -0.6856
vn -0.7033 -0.1035 -0.7033
vn -0.6856 0.0031 0.7280
vn 0.7033 0.1035 0.7033
vn 0.7271 0.0061 -0.6865
vn -0.6918 -0.2067 -0.6918
vn -0.6865 0.0061 0.7271
vn 0.6918 0.2067 0.6918
vn 0.7260 0.0088 -0.6877
vn -0.6725 -0.3091 -0.6725
vn -0.6877 0.0088 0.7260
vn 0.6725 0.3091 0.6725
vn 0.7245 0.0113 -0.6892
vn -0.6447 -0.4106 -0.6447
vn -0.6892 0.0113 0.7245
vn 0.6447 0.4106 0.6447
vn 0.7229 0.0135 -0.6908
vn -0.6078 -0.5110 -0.6078
vn -0.6908 0.0135 0.7229
vn 0.6078 0.5110 0.6078
vn 0.7212 0.0156 -0.6926
vn -0.5605 -0.6097 -0.5605
vn -0.6926 0.0156 0.7212
vn 0.5605 0.6097 0.5605
vn 0.7193 0.0175 -0.6945
vn -0.5012 -0.7055 -0.5012
vn -0.6945 0.0175 0.7193
vn 0.5012 0.7055 0.5012
vn 0.7173 0.0192 -0.6965
vn -0.4282 -0.7957 -0.4282
vn -0.6965 0.0192 0.7173
vn 0.4282 0.7957 0.4282
vn 0.7150 0.0208 -0.6988
vn -0.3404 -0.8765 -0.3404
vn -0.6988 0.0208 0.7150
vn 0.3404 0.8765 0.3404
vn 0.7125 0.0221 -0.7013
vn -0.2378 -0.9418 -0.2378
vn -0.7013 0.0221 0.7125
vn 0.2378 0.9418 0.2378
vn 0.7098 0.0230 -0.7041
vn -0.1224 -0.9849 -0.1224
vn -0.7041 0.0230 0.7098
vn 0.1224 0.9849 0.1224
vn 0.7069 0.0232 -0.7069
vn -0.7069 0.0232 0.7069
vn 0.7041 0.0230 -0.7098
vn -0.7098 0.0230 0.7041
vn 0.7013 0.0221 -0.7125
vn -0.7125 0.0221 0.7013
vn 0.6988 0.0208 -0.7150
vn -0.7150 0.0208 0.6988
vn 0.6965 0.0192 -0.7173
vn -0.7173 0.0192 0.6965
vn 0.6945 0.0175 -0.7193
vn -0.7193 0.0175 0.6945
vn 0.6926 0.0156 -0.7212
vn -0.7212 0.0156 0.6926
vn 0.6908 0.0135 -0.7229
vn -0.7229 0.0135 0.6908
vn 0.6892 0.0113 -0.7245
vn -0.7245 0.0113 0.6892
vn 0.6877 0.0088 -0.7260
vn -0.7260 0.0088 0.6877
vn 0.6865 0.0061 -0.7271
vn -0.7271 0.0061 0.6865
vn 0.6856 0.0031 -0.7280
vn -0.7280 0.0031 0.6856
vn 0.6854 -0.0000 -0.7281
vn -0.7281 -0.0000 0.6854
vn 0.6856 -0.0031 -0.7280
vn -0.7280 -0.0031 0.6856
vn 0.6865 -0.0061 -0.7271
vn -0.7271 -0.0061 0.6865
vn 0.6877 -0.0088 -0.7260
vn -0.7260 -0.0088 0.6877
vn 0.6892 -0.0113 -0.7245
vn -0.7245 -0.0113 0.6892
vn 0.6908 -0.0135 -0.7229
vn -0.7229 -0.0135 0.6908
vn 0.6926 -0.0156 -0.7212
vn -0.7212 -0.0156 0.6926
vn 0.6945 -0.0175 -0.7193
vn -0.7193 -0.0175 0.6945
vn 0.6965 -0.0192 -0.7173
vn -0.7173 -0.0192 0.6965
vn 0.6988 -0.0208 -0.7150
vn -0.7150 -0.0208 0.6988
vn 0.7013 -0.0221 -0.7125
vn -0.7125 -0.0221 0.7013
vn 0.7041 -0.0230 -0.7098
vn -0.7098 -0.0230 0.7041
vt 0.000000 1.000000
vt 0.020833 1.000000
vt 0.020833 0.750000
vt 0.000000 0.750000
vt 0.000000 0.250000
vt 0.020833 0.250000
vt 0.020833 0.000000
vt 0.000000 0.000000
vt 0.000000 0.500000
vt 0.020833 0.500000
vt 0.041667 1.000000
vt 0.041667 0.750000
vt 0.041667 0.250000
vt 0.041667 0.000000
vt 0.041667 0.500000
vt 0.062500 1.000000
vt 0.062500 0.750000
vt 0.062500 0.250000
vt 0.062500 0.000000
vt 0.062500 0.500000
vt 0.083333 1.000000
vt 0.083333 0.750000
vt 0.083333 0.250000
vt 0.083333 0.000000
vt 0.083333 0.500000
vt 0.104167 1.000000
vt 0.104167 0.750000
vt 0.104167 0.250000
vt 0.104167 0.000000
vt 0.104167 0.500000
vt 0.125000 1.000000
vt 0.125000 0.750000
vt 0.125000 0.250000
vt 0.125000 0.000000
vt 0.125000 0.500000
vt 0.145833 1.000000
vt 0.145833 0.750000
vt 0.145833 0.250000
vt 0.145833 0.000000
vt 0.145833 0.500000
vt 0.166667 1.000000
vt 0.166667 0.750000
vt 0.166667 0.250000
vt 0.166667 0.000000
vt 0.166667 0.500000
vt 0.187500 1.000000
vt 0.187500 0.750000
vt 0.187500 0.250000
vt 0.187500 0.000000
vt 0.187500 0.500000
vt 0.208333 1.000000
vt 0.208333 0.750000
vt 0.208333 0.250000
vt 0.208333 0.000000
vt 0.208333 0.500000
vt 0.229167 1.000000
vt 0.229167 0.750000
vt 0.229167 0.250000
vt 0.229167 0.000000
vt 0.229167 0.500000
vt 0.250000 1.000000
vt 0.250000 0.750000
vt 0.250000 0.250000
vt 0.250000 0.000000
vt 0.250000 0.500000
vt 0.270833 1.000000
vt 0.270833 0.750000
vt 0.270833 0.250000
vt 0.270833 0.000000
vt 0.270833 0.500000
vt 0.291667 1.000000
vt 0.291667 0.750000
vt 0.291667 0.250000
vt 0.291667 0.000000
vt 0.291667 0.500000
vt 0.312500 1.000000
vt 0.312500 0.750000
vt 0.312500 0.250000
vt 0.312500 0.000000
vt 0.312500 0.500000
vt 0.333333 1.000000
vt 0.333333 0.750000
vt 0.333333 0.250000
vt 0.333333 0.000000
vt 0.333333 0.500000
vt 0.354167 1.000000
vt 0.354167 0.750000
vt 0.354167 0.250000
vt 0.354167 0.000000
vt 0.354167 0.500000
vt 0.375000 1.000000
vt 0.375000 0.750000
vt 0.375000 0.250000
vt 0.375000 0.000000
vt 0.375000 0.500000
vt 0.395833 1.000000
vt 0.395833 0.750000
vt 0.395833 0.250000
vt 0.395833 0.000000
vt 0.395833 0.500000
vt 0.416667 1.000000
vt 0.416667 0.750000
vt 0.416667 0.250000
vt 0.416667 0.000000
vt 0.416667 0.500000
vt 0.437500 1.000000
vt 0.437500 0.750000
vt 0.437500 0.250000
vt 0.437500 0.000000
vt 0.437500 0.500000
vt 0.458333 1.000000
vt 0.458333 0.750000
vt 0.458333 0.250000
vt 0.458333 0.000000
vt 0.458333 0.500000
vt 0.479167 1.000000
vt 0.479167 0.750000
vt 0.479167 0.250000
vt 0.479167 0.000000
vt 0.479167 0.500000
vt 0.500000 1.000000
vt 0.500000 0.750000
vt 0.500000 0.250000
vt 0.500000 0.000000
vt 0.500000 0.500000
vt 0.520833 1.000000
vt 0.520833 0.750000
vt 0.520833 0.250000
vt 0.520833 0.000000
vt 0.520833 0.500000
vt 0.541667 1.000000
vt 0.541667 0.750000
vt 0.541667 0.250000
vt 0.541667 0.000000
vt 0.541667 0.500000
vt 0.562500 1.000000
vt 0.562500 0.750000
vt 0.562500 0.250000
vt 0.562500 0.000000
vt 0.562500 0.500000
vt 0.583333 1.000000
vt 0.583333 0.750000
vt 0.583333 0.250000
vt 0.583333 0.000000
vt 0.583333 0.500000
vt 0.604167 1.000000
vt 0.604167 0.750000
vt 0.604167 0.250000
vt 0.604167 0.000000
vt 0.604167 0.500000
vt 0.625000 1.000000
vt 0.625000 0.750000
vt 0.625000 0.250000
vt 0.625000 0.000000
vt 0.625000 0.500000
vt 0.645833 1.000000
vt 0.645833 0.750000
vt 0.645833 0.250000
vt 0.645833 0.000000
vt 0.645833 0.500000
vt 0.666667 1.000000
vt 0.666667 0.750000
vt 0.666667 0.250000
vt 0.666667 0.000000
vt 0.666667 0.500000
vt 0.687500 1.000000
vt 0.687500 0.750000
vt 0.687500 0.250000
vt 0.687500 0.000000
vt 0.687500 0.500000
vt 0.708333 1.000000
vt 0.708333 0.750000
vt 0.708333 0.250000
vt 0.708333 0.000000
vt 0.708333 0.500000
vt 0.729167 1.000000
vt 0.729167 0.750000
vt 0.729167 0.250000
vt 0.729167 0.000000
vt 0.729167 0.500000
vt 0.750000 1.000000
vt 0.750000 0.750000
vt 0.750000 0.250000
vt 0.750000 0.000000
vt 0.750000 0.500000
vt 0.770833 1.000000
vt 0.770833 0.750000
vt 0.770833 0.250000
vt 0.770833 0.000000
vt 0.770833 0.500000
vt 0.791667 1.000000
vt 0.791667 0.750000
vt 0.791667 0.250000
vt 0.791667 0.000000
vt 0.791667 0.500000
vt 0.812500 1.000000
vt 0.812500 0.750000
vt 0.812500 0.250000
vt 0.812500 0.000000
vt 0.812500 0.500000
vt 0.833333 1.000000
vt 0.833333 0.750000
vt 0.833333 0.250000
vt 0.833333 0.000000
vt 0.833333 0.500000
vt 0.854167 1.000000
vt 0.854167 0.750000
vt 0.854167 0.250000
vt 0.854167 0.000000
vt 0.854167 0.500000
vt 0.875000 1.000000
vt 0.875000 0.750000
vt 0.875000 0.250000
vt 0.875000 0.000000
vt 0.875000 0.500000
vt 0.895833 1.000000
vt 0.895833 0.750000
vt 0.895833 0.250000
vt 0.895833 0.000000
vt 0.895833 0.500000
vt 0.916667 1.000000
vt 0.916667 0.750000
vt 0.916667 0.250000
vt 0.916667 0.000000
vt 0.916667 0.500000
vt 0.937500 1.000000
vt 0.937500 0.750000
vt 0.937500 0.250000
vt 0.937500 0.000000
vt 0.937500 0.500000
vt 0.958333 1.000000
vt 0.958333 0.750000
vt 0.958333 0.250000
vt 0.958333 0.000000
vt 0.958333 0.500000
vt 0.979167 1.000000
vt 0.979167 0.750000
vt 0.979167 0.250000
vt 0.979167 0.000000
vt 0.979167 0.500000
vt 1.000000 1.000000
vt 1.000000 0.750000
vt 1.000000 0.250000
vt 1.000000 0.000000
vt 1.000000 0.500000
s 1
f 385/491/289 389/492/293 392/493/296 388/494/292
f 386/495/290 390/496/294 389/497/293 385/498/289
f 387/499/291 391/500/295 390/496/294 386/495/290
f 388/494/292 392/493/296 391/500/295 387/499/291
f 389/492/293 393/501/297 396/502/300 392/493/296
f 390/496/294 394/503/298 393/504/297 389/497/293
f 391/500/295 395/505/299 394/503/298 390/496/294
f 392/493/296 396/502/300 395/505/299 391/500/295
f 393/501/297 397/506/301 400/507/304 396/502/300
f 394/503/298 398/508/302 397/509/301 393/504/297
f 395/505/299 399/510/303 398/508/302 394/503/298
f 396/502/300 400/507/304 399/510/303 395/505/299
f 397/506/301 401/511/305 404/512/308 400/507/304
f 398/508/302 402/513/306 401/514/305 397/509/301
f 399/510/303 403/515/307 402/513/306 398/508/302
f 400/507/304 404/512/308 403/515/307 399/510/303
f 401/511/305 405/516/309 408/517/312 404/512/308
f 402/513/306 406/518/310 405/519/309 401/514/305
f 403/515/307 407/520/311 406/518/310 402/513/306
f 404/512/308 408/517/312 407/520/311 403/515/307
f 405/516/309 409/521/313 412/522/316 408/517/312
f 406/518/310 410/523/314 409/524/313 405/519/309
f 407/520/311 411/525/315 410/523/314 406/518/310
f 408/517/312 412/522/316 411/525/315 407/520/311
f 409/521/313 413/526/317 416/527/320 412/522/316
f 410/523/314 414/528/318 413/529/317 409/524/313
f 411/525/315 415/530/319 414/528/318 410/523/314
f 412/522/316 416/527/320 415/530/319 411/525/315
f 413/526/317 417/531/321 420/532/324 416/527/320
f 414/528/318 418/533/322 417/534/321 413/529/317
f 415/530/319 419/535/323 418/533/322 414/528/318
f 416/527/320 420/532/324 419/535/323 415/530/319
f 417/531/321 421/536/325 424/537/328 420/532/324
f 418/533/322 422/538/326 421/539/325 417/534/321
f 419/535/323 423/540/327 422/538/326 418/533/322
f 420/532/324 424/537/328 423/540/327 419/535/323
f 421/536/325 425/541/329 428/542/332 424/537/328
f 422/538/326 426/543/330 425/544/329 421/539/325
f 423/540/327 427/545/331 426/543/330 422/538/326
f 424/537/328 428/542/332 427/545/331 423/540/327
f 425/541/329 429/546/333 432/547/336 428/542/332
f 426/543/330 430/548/334 429/549/333 425/544/329
f 427/545/331 431/550/335 430/548/334 426/543/330
f 428/542/332 432/547/336 431/550/335 427/545/331
f 429/546/333 433/551/337 436/552/340 432/547/336
f 430/548/334 434/553/338 433/554/337 429/549/333
f 431/550/335 435/555/339 434/553/338 430/548/334
f 432/547/336 436/552/340 435/555/339 431/550/335
f 433/551/337 437/556/341 440/557/344 436/552/340
f 434/553/338 438/558/342 437/559/341 433/554/337
f 435/555/339 439/560/343 438/558/342 434/553/338
f 436/552/340 440/557/344 439/560/343 435/555/339
f 437/556/341 441/561/345 444/562/348 440/557/344
f 438/558/342 442/563/346 441/564/345 437/559/341
f 439/560/343 443/565/347 442/563/346 438/558/342
f 440/557/344 444/562/348 443/565/347 439/560/343
f 441/561/345 445/566/349 448/567/352 444/562/348
f 442/563/346 446/568/350 445/569/349 441/564/345
f 443/565/347 447/570/351 446/568/350 442/563/346
f 444/562/348 448/567/352 447/570/351 443/565/347
f 445/566/349 449/571/353 452/572/356 448/567/352
f 446/568/350 450/573/354 449/574/353 445/569/349
f 447/570/351 451/575/355 450/573/354 446/568/350
f 448/567/352 452/572/356 451/575/355 447/570/351
f 449/571/353 453/576/357 456/577/360 452/572/356
f 450/573/354 454/578/358 453/579/357 449/574/353
f 451/575/355 455/580/359 454/578/358 450/573/354
f 452/572/356 456/577/360 455/580/359 451/575/355
f 453/576/357 457/581/361 460/582/364 456/577/360
f 454/578/358 458/583/362 457/584/361 453/579/357
f 455/580/359 459/585/363 458/583/362 454/578/358
f 456/577/360 460/582/364 459/585/363 455/580/359
f 457/581/361 461/586/365 464/587/368 460/582/364
f 458/583/362 462/588/366 461/589/365 457/584/361
f 459/585/363 463/590/367 462/588/366 458/583/362
f 460/582/364 464/587/368 463/590/367 459/585/363
f 461/586/365 465/591/369 468/592/372 464/587/368
f 462/588/366 466/593/370 465/594/369 461/589/365
f 463/590/367 467/595/371 466/593/370 462/588/366
f 464/587/368 468/592/372 467/595/371 463/590/367
f 465/591/369 469/596/373 472/597/376 468/592/372
f 466/593/370 470/598/374 469/599/373 465/594/369
f 467/595/371 471/600/375 470/598/374 466/593/370
f 468/592/372 472/597/376 471/600/375 467/595/371
f 469/596/373 473/601/377 476/602/380 472/597/376
f 470/598/374 474/603/378 473/604/377 469/599/373
f 471/600/375 475/605/379 474/603/378 470/598/374
f 472/597/376 476/602/380 475/605/379 471/600/375
f 473/601/377 477/606/381 480/607/384 476/602/380
f 474/603/378 478/608/382 477/609/381 473/604/377
f 475/605/379 479/610/383 478/608/382 474/603/378
f 476/602/380 480/607/384 479/610/383 475/605/379
f 477/606/381 481/611/385 484/612/290 480/607/384
f 478/608/382 482/613/292 481/614/385 477/609/381
f 479/610/383 483/615/386 482/613/292 478/608/382
f 480/607/384 484/612/290 483/615/386 479/610/383
f 481/611/385 485/616/387 488/617/294 484/612/290
f 482/613/292 486/618/296 485/619/387 481/614/385
f 483/615/386 487/620/388 486/618/296 482/613/292
f 484/612/290 488/617/294 487/620/388 483/615/386
f 485/616/387 489/621/389 492/622/298 488/617/294
f 486/618/296 490/623/300 489/624/389 485/619/387
f 487/620/388 491/625/390 490/623/300 486/618/296
f 488/617/294 492/622/298 491/625/390 487/620/388
f 489/621/389 493/626/391 496/627/302 492/622/298
f 490/623/300 494/628/304 493/629/391 489/624/389
f 491/625/390 495/630/392 494/628/304 490/623/300
f 492/622/298 496/627/302 495/630/392 491/625/390
f 493/626/391 497/631/393 500/632/306 496/627/302
f 494/628/304 498/633/308 497/634/393 493/629/391
f 495/630/392 499/635/394 498/633/308 494/628/304
f 496/627/302 500/632/306 499/635/394 495/630/392
f 497/631/393 501/636/395 504/637/310 500/632/306
f 498/633/308 502/638/312 501/639/395 497/634/393
f 499/635/394 503/640/396 502/638/312 498/633/308
f 500/632/306 504/637/310 503/640/396 499/635/394
f 501/636/395 505/641/397 508/642/314 504/637/310
f 502/638/312 506/643/316 505/644/397 501/639/395
f 503/640/396 507/645/398 506/643/316 502/638/312
f 504/637/310 508/642/314 507/645/398 503/640/396
f 505/641/397 509/646/399 512/647/318 508/642/314
f 506/643/316 510/648/320 509/649/399 505/644/397
f 507/645/398 511/650/400 510/648/320 506/643/316
f 508/642/314 512/647/318 511/650/400 507/645/398
f 509/646/399 513/651/401 516/652/322 512/647/318
f 510/648/320 514/653/324 513/654/401 509/649/399
f 511/650/400 515/655/402 514/653/324 510/648/320
f 512/647/318 516/652/322 515/655/402 511/650/400
f 513/651/401 517/656/403 520/657/326 516/652/322
f 514/653/324 518/658/328 517/659/403 513/654/401
f 515/655/402 519/660/404 518/658/328 514/653/324
f 516/652/322 520/657/326 519/660/404 515/655/402
f 517/656/403 521/661/405 524/662/330 520/657/326
f 518/658/328 522/663/332 521/664/405 517/659/403
f 519/660/404 523/665/406 522/663/332 518/658/328
f 520/657/326 524/662/330 523/665/406 519/660/404
f 521/661/405 525/666/407 528/667/334 524/662/330
f 522/663/332 526/668/336 525/669/407 521/664/405
f 523/665/406 527/670/408 526/668/336 522/663/332
f 524/662/330 528/667/334 527/670/408 523/665/406
f 525/666/407 529/671/409 532/672/338 528/667/334
f 526/668/336 530/673/340 529/674/409 525/669/407
f 527/670/408 531/675/410 530/673/340 526/668/336
f 528/667/334 532/672/338 531/675/410 527/670/408
f 529/671/409 533/676/411 536/677/342 532/672/338
f 530/673/340 534/678/344 533/679/411 529/674/409
f 531/675/410 535/680/412 534/678/344 530/673/340
f 532/672/338 536/677/342 535/680/412 531/675/410
f 533/676/411 537/681/413 540/682/346 536/677/342
f 534/678/344 538/683/348 537/684/413 533/679/411
f 535/680/412 539/685/414 538/683/348 534/678/344
f 536/677/342 540/682/346 539/685/414 535/680/412
f 537/681/413 541/686/415 544/687/350 540/682/346
f 538/683/348 542/688/352 541/689/415 537/684/413
f 539/685/414 543/690/416 542/688/352 538/683/348
f 540/682/346 544/687/350 543/690/416 539/685/414
f 541/686/415 545/691/417 548/692/354 544/687/350
f 542/688/352 546/693/356 545/694/417 541/689/415
f 543/690/416 547/695/418 546/693/356 542/688/352
f 544/687/350 548/692/354 547/695/418 543/690/416
f 545/691/417 549/696/419 552/697/358 548/692/354
f 546/693/356 550/698/360 549/699/419 545/694/417
f 547/695/418 551/700/420 550/698/360 546/693/356
f 548/692/354 552/697/358 551/700/420 547/695/418
f 549/696/419 553/701/421 556/702/362 552/697/358
f 550/698/360 554/703/364 553/704/421 549/699/419
f 551/700/420 555/705/422 554/703/364 550/698/360
f 552/697/358 556/702/362 555/705/422 551/700/420
f 553/701/421 557/706/423 560/707/366 556/702/362
f 554/703/364 558/708/368 557/709/423 553/704/421
f 555/705/422 559/710/424 558/708/368 554/703/364
f 556/702/362 560/707/366 559/710/424 555/705/422
f 557/706/423 561/711/425 564/712/370 560/707/366
f 558/708/368 562/713/372 561/714/425 557/709/423
f 559/710/424 563/715/426 562/713/372 558/708/368
f 560/707/366 564/712/370 563/715/426 559/710/424
f 561/711/425 565/716/427 568/717/374 564/712/370
f 562/713/372 566/718/376 565/719/427 561/714/425
f 563/715/426 567/720/428 566/718/376 562/713/372
f 564/712/370 568/717/374 567/720/428 563/715/426
f 565/716/427 569/721/429 572/722/378 568/717/374
f 566/718/376 570/723/380 569/724/429 565/719/427
f 567/720/428 571/725/430 570/723/380 566/718/376
f 568/717/374 572/722/378 571/725/430 567/720/428
f 569/721/429 573/726/431 576/727/382 572/722/378
f 570/723/380 574/728/384 573/729/431 569/724/429
f 571/725/430 575/730/432 574/728/384 570/723/380
f 572/722/378 576/727/382 575/730/432 571/725/430
f 573/726/431 385/731/289 388/732/292 576/727/382
f 574/728/384 386/733/290 385/734/289 573/729/431
f 575/730/432 387/735/291 386/733/290 574/728/384
f 576/727/382 388/732/292 387/735/291 575/730/432
o BézierCircle.003
v 0.021468 -1.300000 0.040444
v 0.028539 -1.287000 0.047515
v 0.035610 -1.300000 0.054586
v 0.028539 -1.313000 0.047515
v 0.117394 -1.288128 -0.055483
v 0.123518 -1.275246 -0.047464
v 0.131536 -1.288128 -0.041340
v 0.125413 -1.301011 -0.049359
v 0.209405 -1.253548 -0.147494
v 0.214604 -1.241012 -0.138550
v 0.223548 -1.253548 -0.133352
v 0.218349 -1.266084 -0.142295
v 0.296658 -1.197810 -0.234746
v 0.300977 -1.185836 -0.224923
v 0.310800 -1.197810 -0.220604
v 0.306481 -1.209785 -0.230428
v 0.378308 -1.122466 -0.316396
v 0.381806 -1.111247 -0.305753
v 0.392450 -1.122466 -0.302254
v 0.388951 -1.133685 -0.312898
v 0.453511 -1.029066 -0.391600
v 0.456259 -1.018780 -0.380205
v 0.467654 -1.029066 -0.377458
v 0.464907 -1.039352 -0.388853
v 0.521425 -0.919161 -0.459514
v 0.523496 -0.909969 -0.447443
v 0.535567 -0.919161 -0.445372
v 0.533496 -0.928353 -0.457443
v 0.581205 -0.794303 -0.519294
v 0.582682 -0.786354 -0.506628
v 0.595348 -0.794303 -0.505152
v 0.593871 -0.802253 -0.517818
v 0.632008 -0.656043 -0.570097
v 0.632977 -0.649475 -0.556924
v 0.646151 -0.656043 -0.555955
v 0.645182 -0.662611 -0.569128
v 0.672990 -0.505931 -0.611079
v 0.673548 -0.500871 -0.597495
v 0.687133 -0.505931 -0.596937
v 0.686575 -0.510991 -0.610521
v 0.703308 -0.345519 -0.641397
v 0.703560 -0.342077 -0.627507
v 0.717450 -0.345519 -0.627254
v 0.717198 -0.348962 -0.641144
v 0.722117 -0.176359 -0.660206
v 0.722181 -0.174616 -0.646127
v 0.736259 -0.176359 -0.646064
v 0.736195 -0.178101 -0.660142
v 0.728574 -0.000000 -0.666663
v 0.728574 0.000000 -0.652521
v 0.742716 0.000000 -0.652521
v 0.742716 -0.000000 -0.666663
v 0.722117 0.176359 -0.660206
v 0.722181 0.174616 -0.646127
v 0.736259 0.176359 -0.646064
v 0.736195 0.178101 -0.660142
v 0.703308 0.345519 -0.641397
v 0.703560 0.342077 -0.627507
v 0.717450 0.345519 -0.627254
v 0.717198 0.348962 -0.641144
v 0.672991 0.505931 -0.611079
v 0.673548 0.500871 -0.597495
v 0.687133 0.505931 -0.596937
v 0.686575 0.510991 -0.610521
v 0.632008 0.656043 -0.570097
v 0.632977 0.649475 -0.556924
v 0.646151 0.656043 -0.555955
v 0.645182 0.662611 -0.569128
v 0.581205 0.794303 -0.519294
v 0.582682 0.786353 -0.506628
v 0.595348 0.794303 -0.505152
v 0.593872 0.802252 -0.517818
v 0.521425 0.919161 -0.459514
v 0.523496 0.909968 -0.447443
v 0.535567 0.919161 -0.445372
v 0.533496 0.928353 -0.457443
v 0.453511 1.029065 -0.391600
v 0.456259 1.018779 -0.380205
v 0.467654 1.029065 -0.377458
v 0.464907 1.039352 -0.388853
v 0.378308 1.122466 -0.316396
v 0.381806 1.111247 -0.305753
v 0.392450 1.122466 -0.302254
v 0.388951 1.133684 -0.312898
v 0.296658 1.197810 -0.234746
v 0.300977 1.185835 -0.224923
v 0.310800 1.197810 -0.220604
v 0.306481 1.209785 -0.230428
v 0.209405 1.253548 -0.147494
v 0.214604 1.241012 -0.138550
v 0.223548 1.253548 -0.133352
v 0.218349 1.266084 -0.142296
v 0.117394 1.288128 -0.055483
v 0.123517 1.275246 -0.047464
v 0.131536 1.288128 -0.041340
v 0.125413 1.301011 -0.049359
v 0.021468 1.300000 0.040444
v 0.028539 1.287000 0.047515
v 0.035610 1.300000 0.054586
v 0.028539 1.313000 0.047515
v -0.074459 1.288128 0.136370
v -0.066440 1.275246 0.142494
v -0.060317 1.288128 0.150513
v -0.068335 1.301011 0.144389
v -0.166470 1.253548 0.228382
v -0.157526 1.241012 0.233580
v -0.152328 1.253548 0.242524
v -0.161272 1.266084 0.237325
v -0.253723 1.197810 0.315634
v -0.243899 1.185836 0.319953
v -0.239580 1.197810 0.329776
v -0.249404 1.209785 0.325458
v -0.335372 1.122466 0.397284
v -0.324729 1.111247 0.400783
v -0.321230 1.122466 0.411426
v -0.331874 1.133685 0.407928
v -0.410576 1.029066 0.472488
v -0.399181 1.018780 0.475235
v -0.396434 1.029066 0.486630
v -0.407829 1.039352 0.483883
v -0.478490 0.919161 0.540402
v -0.466419 0.909969 0.542473
v -0.464348 0.919161 0.554544
v -0.476419 0.928353 0.552473
v -0.538270 0.794303 0.600182
v -0.525604 0.786354 0.601658
v -0.524128 0.794303 0.614324
v -0.536794 0.802253 0.612848
v -0.589073 0.656043 0.650985
v -0.575900 0.649475 0.651954
v -0.574931 0.656043 0.665127
v -0.588104 0.662611 0.664158
v -0.630055 0.505931 0.691967
v -0.616471 0.500871 0.692525
v -0.615913 0.505931 0.706109
v -0.629497 0.510991 0.705551
v -0.660372 0.345519 0.722284
v -0.646483 0.342077 0.722537
v -0.646230 0.345519 0.736426
v -0.660120 0.348962 0.736174
v -0.679182 0.176359 0.741094
v -0.665103 0.174616 0.741157
v -0.665040 0.176359 0.755236
v -0.679118 0.178101 0.755172
v -0.685639 -0.000000 0.747551
v -0.671497 -0.000000 0.747551
v -0.671497 0.000000 0.761693
v -0.685639 0.000000 0.761693
v -0.679182 -0.176359 0.741094
v -0.665103 -0.174616 0.741157
v -0.665040 -0.176359 0.755236
v -0.679118 -0.178101 0.755172
v -0.660373 -0.345519 0.722284
v -0.646483 -0.342077 0.722537
v -0.646230 -0.345519 0.736427
v -0.660120 -0.348962 0.736174
v -0.630055 -0.505931 0.691967
v -0.616471 -0.500871 0.692525
v -0.615913 -0.505931 0.706109
v -0.629498 -0.510991 0.705551
v -0.589073 -0.656043 0.650985
v -0.575900 -0.649475 0.651954
v -0.574931 -0.656043 0.665127
v -0.588104 -0.662611 0.664158
v -0.538270 -0.794303 0.600182
v -0.525604 -0.786353 0.601658
v -0.524128 -0.794303 0.614324
v -0.536794 -0.802252 0.612848
v -0.478490 -0.919161 0.540402
v -0.466419 -0.909968 0.542473
v -0.464348 -0.919161 0.554544
v -0.476419 -0.928353 0.552473
v -0.410576 -1.029065 0.472488
v -0.399181 -1.018779 0.475235
v -0.396434 -1.029065 0.486630
v -0.407829 -1.039352 0.483883
v -0.335372 -1.122466 0.397284
v -0.324729 -1.111247 0.400783
v -0.321230 -1.122466 0.411426
v -0.331874 -1.133684 0.407928
v -0.253723 -1.197810 0.315634
v -0.243899 -1.185835 0.319953
v -0.239580 -1.197810 0.329776
v -0.249404 -1.209785 0.325458
v -0.166470 -1.253548 0.228382
v -0.157526 -1.241012 0.233580
v -0.152328 -1.253548 0.242524
v -0.161272 -1.266084 0.237326
v -0.074459 -1.288128 0.136370
v -0.066440 -1.275246 0.142494
v -0.060317 -1.288128 0.150513
v -0.068335 -1.301011 0.144389
vn -0.7069 -0.0232 -0.7069
vn -0.0000 1.0000 -0.0000
vn 0.7069 -0.0232 0.7069
vn -0.0000 -1.0000 -0.0000
vn -0.7041 -0.0230 -0.7098
vn -0.1224 0.9849 0.1224
vn 0.7098 -0.0230 0.7041
vn 0.1224 -0.9849 -0.1224
vn -0.7013 -0.0221 -0.7125
vn -0.2378 0.9418 0.2378
vn 0.7125 -0.0221 0.7013
vn 0.2378 -0.9418 -0.2378
vn -0.6988 -0.0208 -0.7150
vn -0.3404 0.8765 0.3404
vn 0.7150 -0.0208 0.6988
vn 0.3404 -0.8765 -0.3404
vn -0.6965 -0.0192 -0.7173
vn -0.4282 0.7957 0.4282
vn 0.7173 -0.0192 0.6965
vn 0.4282 -0.7957 -0.4282
vn -0.6945 -0.0175 -0.7193
vn -0.5012 0.7055 0.5012
vn 0.7193 -0.0175 0.6945
vn 0.5012 -0.7055 -0.5012
vn -0.6926 -0.0156 -0.7212
vn -0.5605 0.6097 0.5605
vn 0.7212 -0.0156 0.6926
vn 0.5605 -0.6097 -0.5605
vn -0.6908 -0.0135 -0.7229
vn -0.6078 0.5110 0.6078
vn 0.7229 -0.0135 0.6908
vn 0.6078 -0.5110 -0.6078
vn -0.6892 -0.0113 -0.7245
vn -0.6447 0.4106 0.6447
vn 0.7245 -0.0113 0.6892
vn 0.6447 -0.4106 -0.6447
vn -0.6877 -0.0088 -0.7260
vn -0.6725 0.3091 0.6725
vn 0.7260 -0.0088 0.6877
vn 0.6725 -0.3091 -0.6725
vn -0.6865 -0.0061 -0.7271
vn -0.6918 0.2067 0.6918
vn 0.7271 -0.0061 0.6865
vn 0.6918 -0.2067 -0.6918
vn -0.6856 -0.0031 -0.7280
vn -0.7033 0.1035 0.7033
vn 0.7280 -0.0031 0.6856
vn 0.7033 -0.1035 -0.7033
vn -0.6854 -0.0000 -0.7281
vn -0.7071 -0.0000 0.7071
vn 0.7281 -0.0000 0.6854
vn 0.7071 -0.0000 -0.7071
vn -0.6856 0.0031 -0.7280
vn -0.7033 -0.1035 0.7033
vn 0.7280 0.0031 0.6856
vn 0.7033 0.1035 -0.7033
vn -0.6865 0.0061 -0.7271
vn -0.6918 -0.2067 0.6918
vn 0.7271 0.0061 0.6865
vn 0.6918 0.2067 -0.6918
vn -0.6877 0.0088 -0.7260
vn -0.6725 -0.3091 0.6725
vn 0.7260 0.0088 0.6877
vn 0.6725 0.3091 -0.6725
vn -0.6892 0.0113 -0.7245
vn -0.6447 -0.4106 0.6447
vn 0.7245 0.0113 0.6892
vn 0.6447 0.4106 -0.6447
vn -0.6908 0.0135 -0.7229
vn -0.6078 -0.5110 0.6078
vn 0.7229 0.0135 0.6908
vn 0.6078 0.5110 -0.6078
vn -0.6926 0.0156 -0.7212
vn -0.5605 -0.6097 0.5605
vn 0.7212 0.0156 0.6926
vn 0.5605 0.6097 -0.5605
vn -0.6945 0.0175 -0.7193
vn -0.5012 -0.7055 0.5012
vn 0.7193 0.0175 0.6945
vn 0.5012 0.7055 -0.5012
vn -0.6965 0.0192 -0.7173
vn -0.4282 -0.7957 0.4282
vn 0.7173 0.0192 0.6965
vn 0.4282 0.7957 -0.4282
vn -0.6988 0.0208 -0.7150
vn -0.3404 -0.8765 0.3404
vn 0.7150 0.0208 0.6988
vn 0.3404 0.8765 -0.3404
vn -0.7013 0.0221 -0.7125
vn -0.2378 -0.9418 0.2378
vn 0.7125 0.0221 0.7013
vn 0.2378 0.9418 -0.2378
vn -0.7041 0.0230 -0.7098
vn -0.1224 -0.9849 0.1224
vn 0.7098 0.0230 0.7041
vn 0.1224 0.9849 -0.1224
vn -0.7069 0.0232 -0.7069
vn 0.7069 0.0232 0.7069
vn -0.7098 0.0230 -0.7041
vn 0.7041 0.0230 0.7098
vn -0.7125 0.0221 -0.7013
vn 0.7013 0.0221 0.7125
vn -0.7150 0.0208 -0.6988
vn 0.6988 0.0208 0.7150
vn -0.7173 0.0192 -0.6965
vn 0.6965 0.0192 0.7173
vn -0.7193 0.0175 -0.6945
vn 0.6945 0.0175 0.7193
vn -0.7212 0.0156 -0.6926
vn 0.6926 0.0156 0.7212
vn -0.7229 0.0135 -0.6908
vn 0.6908 0.0135 0.7229
vn -0.7245 0.0113 -0.6892
vn 0.6892 0.0113 0.7245
vn -0.7260 0.0088 -0.6877
vn 0.6877 0.0088 0.7260
vn -0.7271 0.0061 -0.6865
vn 0.6865 0.0061 0.7271
vn -0.7280 0.0031 -0.6856
vn 0.6856 0.0031 0.7280
vn -0.7281 -0.0000 -0.6854
vn 0.6854 -0.0000 0.7281
vn -0.7280 -0.0031 -0.6856
vn 0.6856 -0.0031 0.7280
vn -0.7271 -0.0061 -0.6865
vn 0.6865 -0.0061 0.7271
vn -0.7260 -0.0088 -0.6877
vn 0.6877 -0.0088 0.7260
vn -0.7245 -0.0113 -0.6892
vn 0.6892 -0.0113 0.7245
vn -0.7229 -0.0135 -0.6908
vn 0.6908 -0.0135 0.7229
vn -0.7212 -0.0156 -0.6926
vn 0.6926 -0.0156 0.7212
vn -0.7193 -0.0175 -0.6945
vn 0.6945 -0.0175 0.7193
vn -0.7173 -0.0192 -0.6965
vn 0.6965 -0.0192 0.7173
vn -0.7150 -0.0208 -0.6988
vn 0.6988 -0.0208 0.7150
vn -0.7125 -0.0221 -0.7013
vn 0.7013 -0.0221 0.7125
vn -0.7098 -0.0230 -0.7041
vn 0.7041 -0.0230 0.7098
vt 0.000000 1.000000
vt 0.020833 1.000000
vt 0.020833 0.750000
vt 0.000000 0.750000
vt 0.000000 0.250000
vt 0.020833 0.250000
vt 0.020833 0.000000
vt 0.000000 0.000000
vt 0.000000 0.500000
vt 0.020833 0.500000
vt 0.041667 1.000000
vt 0.041667 0.750000
vt 0.041667 0.250000
vt 0.041667 0.000000
vt 0.041667 0.500000
vt 0.062500 1.000000
vt 0.062500 0.750000
vt 0.062500 0.250000
vt 0.062500 0.000000
vt 0.062500 0.500000
vt 0.083333 1.000000
vt 0.083333 0.750000
vt 0.083333 0.250000
vt 0.083333 0.000000
vt 0.083333 0.500000
vt 0.104167 1.000000
vt 0.104167 0.750000
vt 0.104167 0.250000
vt 0.104167 0.000000
vt 0.104167 0.500000
vt 0.125000 1.000000
vt 0.125000 0.750000
vt 0.125000 0.250000
vt 0.125000 0.000000
vt 0.125000 0.500000
vt 0.145833 1.000000
vt 0.145833 0.750000
vt 0.145833 0.250000
vt 0.145833 0.000000
vt 0.145833 0.500000
vt 0.166667 1.000000
vt 0.166667 0.750000
vt 0.166667 0.250000
vt 0.166667 0.000000
vt 0.166667 0.500000
vt 0.187500 1.000000
vt 0.187500 0.750000
vt 0.187500 0.250000
vt 0.187500 0.000000
vt 0.187500 0.500000
vt 0.208333 1.000000
vt 0.208333 0.750000
vt 0.208333 0.250000
vt 0.208333 0.000000
vt 0.208333 0.500000
vt 0.229167 1.000000
vt 0.229167 0.750000
vt 0.229167 0.250000
vt 0.229167 0.000000
vt 0.229167 0.500000
vt 0.250000 1.000000
vt 0.250000 0.750000
vt 0.250000 0.250000
vt 0.250000 0.000000
vt 0.250000 0.500000
vt 0.270833 1.000000
vt 0.270833 0.750000
vt 0.270833 0.250000
vt 0.270833 0.000000
vt 0.270833 0.500000
vt 0.291667 1.000000
vt 0.291667 0.750000
vt 0.291667 0.250000
vt 0.291667 0.000000
vt 0.291667 0.500000
vt 0.312500 1.000000
vt 0.312500 0.750000
vt 0.312500 0.250000
vt 0.312500 0.000000
vt 0.312500 0.500000
vt 0.333333 1.000000
vt 0.333333 0.750000
vt 0.333333 0.250000
vt 0.333333 0.000000
vt 0.333333 0.500000
vt 0.354167 1.000000
vt 0.354167 0.750000
vt 0.354167 0.250000
vt 0.354167 0.000000
vt 0.354167 0.500000
vt 0.375000 1.000000
vt 0.375000 0.750000
vt 0.375000 0.250000
vt 0.375000 0.000000
vt 0.375000 0.500000
vt 0.395833 1.000000
vt 0.395833 0.750000
vt 0.395833 0.250000
vt 0.395833 0.000000
vt 0.395833 0.500000
vt 0.416667 1.000000
vt 0.416667 0.750000
vt 0.416667 0.250000
vt 0.416667 0.000000
vt 0.416667 0.500000
vt 0.437500 1.000000
vt 0.437500 0.750000
vt 0.437500 0.250000
vt 0.437500 0.000000
vt 0.437500 0.500000
vt 0.458333 1.000000
vt 0.458333 0.750000
vt 0.458333 0.250000
vt 0.458333 0.000000
vt 0.458333 0.500000
vt 0.479167 1.000000
vt 0.479167 0.750000
vt 0.479167 0.250000
vt 0.479167 0.000000
vt 0.479167 0.500000
vt 0.500000 1.000000
vt 0.500000 0.750000
vt 0.500000 0.250000
vt 0.500000 0.000000
vt 0.500000 0.500000
vt 0.520833 1.000000
vt 0.520833 0.750000
vt 0.520833 0.250000
vt 0.520833 0.000000
vt 0.520833 0.500000
vt 0.541667 1.000000
vt 0.541667 0.750000
vt 0.541667 0.250000
vt 0.541667 0.000000
vt 0.541667 0.500000
vt 0.562500 1.000000
vt 0.562500 0.750000
vt 0.562500 0.250000
vt 0.562500 0.000000
vt 0.562500 0.500000
vt 0.583333 1.000000
vt 0.583333 0.750000
vt 0.583333 0.250000
vt 0.583333 0.000000
vt 0.583333 0.500000
vt 0.604167 1.000000
vt 0.604167 0.750000
vt 0.604167 0.250000
vt 0.604167 0.000000
vt 0.604167 0.500000
vt 0.625000 1.000000
vt 0.625000 0.750000
vt 0.625000 0.250000
vt 0.625000 0.000000
vt 0.625000 0.500000
vt 0.645833 1.000000
vt 0.645833 0.750000
vt 0.645833 0.250000
vt 0.645833 0.000000
vt 0.645833 0.500000
vt 0.666667 1.000000
vt 0.666667 0.750000
vt 0.666667 0.250000
vt 0.666667 0.000000
vt 0.666667 0.500000
vt 0.687500 1.000000
vt 0.687500 0.750000
vt 0.687500 0.250000
vt 0.687500 0.000000
vt 0.687500 0.500000
vt 0.708333 1.000000
vt 0.708333 0.750000
vt 0.708333 0.250000
vt 0.708333 0.000000
vt 0.708333 0.500000
vt 0.729167 1.000000
vt 0.729167 0.750000
vt 0.729167 0.250000
vt 0.729167 0.000000
vt 0.729167 0.500000
vt 0.750000 1.000000
vt 0.750000 0.750000
vt 0.750000 0.250000
vt 0.750000 0.000000
vt 0.750000 0.500000
vt 0.770833 1.000000
vt 0.770833 0.750000
vt 0.770833 0.250000
vt 0.770833 0.000000
vt 0.770833 0.500000
vt 0.791667 1.000000
vt 0.791667 0.750000
vt 0.791667 0.250000
vt 0.791667 0.000000
vt 0.791667 0.500000
vt 0.812500 1.000000
vt 0.812500 0.750000
vt 0.812500 0.250000
vt 0.812500 0.000000
vt 0.812500 0.500000
vt 0.833333 1.000000
vt 0.833333 0.750000
vt 0.833333 0.250000
vt 0.833333 0.000000
vt 0.833333 0.500000
vt 0.854167 1.000000
vt 0.854167 0.750000
vt 0.854167 0.250000
vt 0.854167 0.000000
vt 0.854167 0.500000
vt 0.875000 1.000000
vt 0.875000 0.750000
vt 0.875000 0.250000
vt 0.875000 0.000000
vt 0.875000 0.500000
vt 0.895833 1.000000
vt 0.895833 0.750000
vt 0.895833 0.250000
vt 0.895833 0.000000
vt 0.895833 0.500000
vt 0.916667 1.000000
vt 0.916667 0.750000
vt 0.916667 0.250000
vt 0.916667 0.000000
vt 0.916667 0.500000
vt 0.937500 1.000000
vt 0.937500 0.750000
vt 0.937500 0.250000
vt 0.937500 0.000000
vt 0.937500 0.500000
vt 0.958333 1.000000
vt 0.958333 0.750000
vt 0.958333 0.250000
vt 0.958333 0.000000
vt 0.958333 0.500000
vt 0.979167 1.000000
vt 0.979167 0.750000
vt 0.979167 0.250000
vt 0.979167 0.000000
vt 0.979167 0.500000
vt 1.000000 1.000000
vt 1.000000 0.750000
vt 1.000000 0.250000
vt 1.000000 0.000000
vt 1.000000 0.500000
s 1
f 577/736/433 581/737/437 584/738/440 580/739/436
f 578/740/434 582/741/438 581/742/437 577/743/433
f 579/744/435 583/745/439 582/741/438 578/740/434
f 580/739/436 584/738/440 583/745/439 579/744/435
f 581/737/437 585/746/441 588/747/444 584/738/440
f 582/741/438 586/748/442 585/749/441 581/742/437
f 583/745/439 587/750/443 586/748/442 582/741/438
f 584/738/440 588/747/444 587/750/443 583/745/439
f 585/746/441 589/751/445 592/752/448 588/747/444
f 586/748/442 590/753/446 589/754/445 585/749/441
f 587/750/443 591/755/447 590/753/446 586/748/442
f 588/747/444 592/752/448 591/755/447 587/750/443
f 589/751/445 593/756/449 596/757/452 592/752/448
f 590/753/446 594/758/450 593/759/449 589/754/445
f 591/755/447 595/760/451 594/758/450 590/753/446
f 592/752/448 596/757/452 595/760/451 591/755/447
f 593/756/449 597/761/453 600/762/456 596/757/452
f 594/758/450 598/763/454 597/764/453 593/759/449
f 595/760/451 599/765/455 598/763/454 594/758/450
f 596/757/452 600/762/456 599/765/455 595/760/451
f 597/761/453 601/766/457 604/767/460 600/762/456
f 598/763/454 602/768/458 601/769/457 597/764/453
f 599/765/455 603/770/459 602/768/458 598/763/454
f 600/762/456 604/767/460 603/770/459 599/765/455
f 601/766/457 605/771/461 608/772/464 604/767/460
f 602/768/458 606/773/462 605/774/461 601/769/457
f 603/770/459 607/775/463 606/773/462 602/768/458
f 604/767/460 608/772/464 607/775/463 603/770/459
f 605/771/461 609/776/465 612/777/468 608/772/464
f 606/773/462 610/778/466 609/779/465 605/774/461
f 607/775/463 611/780/467 610/778/466 606/773/462
f 608/772/464 612/777/468 611/780/467 607/775/463
f 609/776/465 613/781/469 616/782/472 612/777/468
f 610/778/466 614/783/470 613/784/469 609/779/465
f 611/780/467 615/785/471 614/783/470 610/778/466
f 612/777/468 616/782/472 615/785/471 611/780/467
f 613/781/469 617/786/473 620/787/476 616/782/472
f 614/783/470 618/788/474 617/789/473 613/784/469
f 615/785/471 619/790/475 618/788/474 614/783/470
f 616/782/472 620/787/476 619/790/475 615/785/471
f 617/786/473 621/791/477 624/792/480 620/787/476
f 618/788/474 622/793/478 621/794/477 617/789/473
f 619/790/475 623/795/479 622/793/478 618/788/474
f 620/787/476 624/792/480 623/795/479 619/790/475
f 621/791/477 625/796/481 628/797/484 624/792/480
f 622/793/478 626/798/482 625/799/481 621/794/477
f 623/795/479 627/800/483 626/798/482 622/793/478
f 624/792/480 628/797/484 627/800/483 623/795/479
f 625/796/481 629/801/485 632/802/488 628/797/484
f 626/798/482 630/803/486 629/804/485 625/799/481
f 627/800/483 631/805/487 630/803/486 626/798/482
f 628/797/484 632/802/488 631/805/487 627/800/483
f 629/801/485 633/806/489 636/807/492 632/802/488
f 630/803/486 634/808/490 633/809/489 629/804/485
f 631/805/487 635/810/491 634/808/490 630/803/486
f 632/802/488 636/807/492 635/810/491 631/805/487
f 633/806/489 637/811/493 640/812/496 636/807/492
f 634/808/490 638/813/494 637/814/493 633/809/489
f 635/810/491 639/815/495 638/813/494 634/808/490
f 636/807/492 640/812/496 639/815/495 635/810/491
f 637/811/493 641/816/497 644/817/500 640/812/496
f 638/813/494 642/818/498 641/819/497 637/814/493
f 639/815/495 643/820/499 642/818/498 638/813/494
f 640/812/496 644/817/500 643/820/499 639/815/495
f 641/816/497 645/821/501 648/822/504 644/817/500
f 642/818/498 646/823/502 645/824/501 641/819/497
f 643/820/499 647/825/503 646/823/502 642/818/498
f 644/817/500 648/822/504 647/825/503 643/820/499
f 645/821/501 649/826/505 652/827/508 648/822/504
f 646/823/502 650/828/506 649/829/505 645/824/501
f 647/825/503 651/830/507 650/828/506 646/823/502
f 648/822/504 652/827/508 651/830/507 647/825/503
f 649/826/505 653/831/509 656/832/512 652/827/508
f 650/828/506 654/833/510 653/834/509 649/829/505
f 651/830/507 655/835/511 654/833/510 650/828/506
f 652/827/508 656/832/512 655/835/511 651/830/507
f 653/831/509 657/836/513 660/837/516 656/832/512
f 654/833/510 658/838/514 657/839/513 653/834/509
f 655/835/511 659/840/515 658/838/514 654/833/510
f 656/832/512 660/837/516 659/840/515 655/835/511
f 657/836/513 661/841/517 664/842/520 660/837/516
f 658/838/514 662/843/518 661/844/517 657/839/513
f 659/840/515 663/845/519 662/843/518 658/838/514
f 660/837/516 664/842/520 663/845/519 659/840/515
f 661/841/517 665/846/521 668/847/524 664/842/520
f 662/843/518 666/848/522 665/849/521 661/844/517
f 663/845/519 667/850/523 666/848/522 662/843/518
f 664/842/520 668/847/524 667/850/523 663/845/519
f 665/846/521 669/851/525 672/852/528 668/847/524
f 666/848/522 670/853/526 669/854/525 665/849/521
f 667/850/523 671/855/527 670/853/526 666/848/522
f 668/847/524 672/852/528 671/855/527 667/850/523
f 669/851/525 673/856/529 676/857/434 672/852/528
f 670/853/526 674/858/436 673/859/529 669/854/525
f 671/855/527 675/860/530 674/858/436 670/853/526
f 672/852/528 676/857/434 675/860/530 671/855/527
f 673/856/529 677/861/531 680/862/438 676/857/434
f 674/858/436 678/863/440 677/864/531 673/859/529
f 675/860/530 679/865/532 678/863/440 674/858/436
f 676/857/434 680/862/438 679/865/532 675/860/530
f 677/861/531 681/866/533 684/867/442 680/862/438
f 678/863/440 682/868/444 681/869/533 677/864/531
f 679/865/532 683/870/534 682/868/444 678/863/440
f 680/862/438 684/867/442 683/870/534 679/865/532
f 681/866/533 685/871/535 688/872/446 684/867/442
f 682/868/444 686/873/448 685/874/535 681/869/533
f 683/870/534 687/875/536 686/873/448 682/868/444
f 684/867/442 688/872/446 687/875/536 683/870/534
f 685/871/535 689/876/537 692/877/450 688/872/446
f 686/873/448 690/878/452 689/879/537 685/874/535
f 687/875/536 691/880/538 690/878/452 686/873/448
f 688/872/446 692/877/450 691/880/538 687/875/536
f 689/876/537 693/881/539 696/882/454 692/877/450
f 690/878/452 694/883/456 693/884/539 689/879/537
f 691/880/538 695/885/540 694/883/456 690/878/452
f 692/877/450 696/882/454 695/885/540 691/880/538
f 693/881/539 697/886/541 700/887/458 696/882/454
f 694/883/456 698/888/460 697/889/541 693/884/539
f 695/885/540 699/890/542 698/888/460 694/883/456
f 696/882/454 700/887/458 699/890/542 695/885/540
f 697/886/541 701/891/543 704/892/462 700/887/458
f 698/888/460 702/893/464 701/894/543 697/889/541
f 699/890/542 703/895/544 702/893/464 698/888/460
f 700/887/458 704/892/462 703/895/544 699/890/542
f 701/891/543 705/896/545 708/897/466 704/892/462
f 702/893/464 706/898/468 705/899/545 701/894/543
f 703/895/544 707/900/546 706/898/468 702/893/464
f 704/892/462 708/897/466 707/900/546 703/895/544
f 705/896/545 709/901/547 712/902/470 708/897/466
f 706/898/468 710/903/472 709/904/547 705/899/545
f 707/900/546 711/905/548 710/903/472 706/898/468
f 708/897/466 712/902/470 711/905/548 707/900/546
f 709/901/547 713/906/549 716/907/474 712/902/470
f 710/903/472 714/908/476 713/909/549 709/904/547
f 711/905/548 715/910/550 714/908/476 710/903/472
f 712/902/470 716/907/474 715/910/550 711/905/548
f 713/906/549 717/911/551 720/912/478 716/907/474
f 714/908/476 718/913/480 717/914/551 713/909/549
f 715/910/550 719/915/552 718/913/480 714/908/476
f 716/907/474 720/912/478 719/915/552 715/910/550
f 717/911/551 721/916/553 724/917/482 720/912/478
f 718/913/480 722/918/484 721/919/553 717/914/551
f 719/915/552 723/920/554 722/918/484 718/913/480
f 720/912/478 724/917/482 723/920/554 719/915/552
f 721/916/553 725/921/555 728/922/486 724/917/482
f 722/918/484 726/923/488 725/924/555 721/919/553
f 723/920/554 727/925/556 726/923/488 722/918/484
f 724/917/482 728/922/486 727/925/556 723/920/554
f 725/921/555 729/926/557 732/927/490 728/922/486
f 726/923/488 730/928/492 729/929/557 725/924/555
f 727/925/556 731/930/558 730/928/492 726/923/488
f 728/922/486 732/927/490 731/930/558 727/925/556
f 729/926/557 733/931/559 736/932/494 732/927/490
f 730/928/492 734/933/496 733/934/559 729/929/557
f 731/930/558 735/935/560 734/933/496 730/928/492
f 732/927/490 736/932/494 735/935/560 731/930/558
f 733/931/559 737/936/561 740/937/498 736/932/494
f 734/933/496 738/938/500 737/939/561 733/934/559
f 735/935/560 739/940/562 738/938/500 734/933/496
f 736/932/494 740/937/498 739/940/562 735/935/560
f 737/936/561 741/941/563 744/942/502 740/937/498
f 738/938/500 742/943/504 741/944/563 737/939/561
f 739/940/562 743/945/564 742/943/504 738/938/500
f 740/937/498 744/942/502 743/945/564 739/940/562
f 741/941/563 745/946/565 748/947/506 744/942/502
f 742/943/504 746/948/508 745/949/565 741/944/563
f 743/945/564 747/950/566 746/948/508 742/943/504
f 744/942/502 748/947/506 747/950/566 743/945/564
f 745/946/565 749/951/567 752/952/510 748/947/506
f 746/948/508 750/953/512 749/954/567 745/949/565
f 747/950/566 751/955/568 750/953/512 746/948/508
f 748/947/506 752/952/510 751/955/568 747/950/566
f 749/951/567 753/956/569 756/957/514 752/952/510
f 750/953/512 754/958/516 753/959/569 749/954/567
f 751/955/568 755/960/570 754/958/516 750/953/512
f 752/952/510 756/957/514 755/960/570 751/955/568
f 753/956/569 757/961/571 760/962/518 756/957/514
f 754/958/516 758/963/520 757/964/571 753/959/569
f 755/960/570 759/965/572 758/963/520 754/958/516
f 756/957/514 760/962/518 759/965/572 755/960/570
f 757/961/571 761/966/573 764/967/522 760/962/518
f 758/963/520 762/968/524 761/969/573 757/964/571
f 759/965/572 763/970/574 762/968/524 758/963/520
f 760/962/518 764/967/522 763/970/574 759/965/572
f 761/966/573 765/971/575 768/972/526 764/967/522
f 762/968/524 766/973/528 765/974/575 761/969/573
f 763/970/574 767/975/576 766/973/528 762/968/524
f 764/967/522 768/972/526 767/975/576 763/970/574
f 765/971/575 577/976/433 580/977/436 768/972/526
f 766/973/528 578/978/434 577/979/433 765/974/575
f 767/975/576 579/980/435 578/978/434 766/973/528
f 768/972/526 580/977/436 579/980/435 767/975/576
o BézierCircle.004
v 0.528539 -1.664468 0.046538
v 0.523539 -1.674421 0.047515
v 0.528539 -1.684373 0.048492
v 0.533539 -1.674421 0.047515
v 0.523973 -1.656519 0.127546
v 0.519018 -1.666550 0.127722
v 0.523973 -1.676423 0.129499
v 0.528928 -1.666393 0.129323
v 0.510673 -1.648894 0.205247
v 0.505851 -1.659001 0.204642
v 0.510673 -1.668798 0.207200
v 0.515494 -1.658691 0.207805
v 0.489235 -1.641663 0.278929
v 0.484629 -1.651843 0.277581
v 0.489235 -1.661568 0.280882
v 0.493841 -1.651387 0.282230
v 0.460256 -1.634897 0.347880
v 0.455941 -1.645145 0.345840
v 0.460256 -1.654801 0.349833
v 0.464571 -1.644553 0.351873
v 0.424333 -1.628665 0.411387
v 0.420377 -1.638975 0.408712
v 0.424333 -1.648569 0.413340
v 0.428289 -1.638258 0.416015
v 0.382062 -1.623037 0.468738
v 0.378527 -1.633403 0.465493
v 0.382062 -1.642941 0.470692
v 0.385598 -1.632574 0.473937
v 0.334040 -1.618083 0.519221
v 0.330982 -1.628498 0.515473
v 0.334040 -1.637987 0.521174
v 0.337097 -1.627571 0.524923
v 0.280863 -1.613872 0.562123
v 0.278337 -1.624330 0.557946
v 0.280863 -1.633777 0.564076
v 0.283389 -1.623319 0.568253
v 0.223128 -1.610476 0.596731
v 0.221181 -1.620968 0.592207
v 0.223128 -1.630381 0.598684
v 0.225074 -1.619889 0.603208
v 0.161431 -1.607964 0.622333
v 0.160107 -1.618481 0.617552
v 0.161431 -1.627868 0.624286
v 0.162755 -1.617351 0.629068
v 0.096369 -1.606405 0.638217
v 0.095699 -1.616938 0.633276
v 0.096369 -1.626309 0.640170
v 0.097039 -1.615777 0.645111
v 0.028539 -1.605870 0.643670
v 0.028539 -1.616408 0.638675
v 0.028539 -1.625774 0.645623
v 0.028539 -1.615236 0.650618
v -0.039292 -1.606405 0.638217
v -0.038621 -1.616938 0.633276
v -0.039292 -1.626309 0.640170
v -0.039962 -1.615777 0.645111
v -0.104353 -1.607964 0.622333
v -0.103029 -1.618481 0.617552
v -0.104353 -1.627868 0.624287
v -0.105678 -1.617351 0.629068
v -0.166050 -1.610476 0.596731
v -0.164104 -1.620968 0.592207
v -0.166050 -1.630381 0.598684
v -0.167996 -1.619889 0.603208
v -0.223785 -1.613872 0.562123
v -0.221259 -1.624330 0.557946
v -0.223785 -1.633777 0.564076
v -0.226312 -1.623319 0.568253
v -0.276962 -1.618083 0.519221
v -0.273905 -1.628498 0.515473
v -0.276962 -1.637987 0.521174
v -0.280020 -1.627571 0.524923
v -0.324985 -1.623037 0.468738
v -0.321449 -1.633403 0.465493
v -0.324985 -1.642941 0.470692
v -0.328520 -1.632574 0.473937
v -0.367256 -1.628665 0.411387
v -0.363300 -1.638975 0.408712
v -0.367256 -1.648569 0.413340
v -0.371212 -1.638258 0.416015
v -0.403179 -1.634897 0.347880
v -0.398864 -1.645145 0.345840
v -0.403179 -1.654801 0.349833
v -0.407494 -1.644553 0.351873
v -0.432158 -1.641663 0.278929
v -0.427552 -1.651843 0.277581
v -0.432158 -1.661568 0.280882
v -0.436763 -1.651387 0.282230
v -0.453595 -1.648894 0.205247
v -0.448774 -1.659001 0.204642
v -0.453595 -1.668798 0.207200
v -0.458417 -1.658691 0.207805
v -0.466895 -1.656519 0.127546
v -0.461940 -1.666550 0.127722
v -0.466895 -1.676423 0.129499
v -0.471850 -1.666393 0.129322
v -0.471461 -1.664468 0.046538
v -0.466461 -1.674421 0.047515
v -0.471461 -1.684373 0.048492
v -0.476461 -1.674421 0.047515
v -0.466895 -1.672418 -0.034469
v -0.461940 -1.682292 -0.032692
v -0.466895 -1.692322 -0.032516
v -0.471850 -1.682449 -0.034293
v -0.453595 -1.680043 -0.112170
v -0.448774 -1.689840 -0.109612
v -0.453595 -1.699947 -0.110217
v -0.458417 -1.690150 -0.112775
v -0.432158 -1.687274 -0.185852
v -0.427552 -1.696998 -0.182551
v -0.432158 -1.707178 -0.183899
v -0.436763 -1.697454 -0.187200
v -0.403179 -1.694040 -0.254803
v -0.398864 -1.703696 -0.250810
v -0.403179 -1.713944 -0.252850
v -0.407494 -1.704288 -0.256843
v -0.367256 -1.700272 -0.318310
v -0.363300 -1.709866 -0.313682
v -0.367256 -1.720177 -0.316357
v -0.371212 -1.710583 -0.320985
v -0.324985 -1.705900 -0.375662
v -0.321449 -1.715438 -0.370463
v -0.324985 -1.725805 -0.373708
v -0.328520 -1.716267 -0.378908
v -0.276962 -1.710854 -0.426145
v -0.273905 -1.720343 -0.420443
v -0.276962 -1.730759 -0.424191
v -0.280020 -1.721270 -0.429893
v -0.223785 -1.715064 -0.469046
v -0.221259 -1.724511 -0.462916
v -0.223785 -1.734969 -0.467093
v -0.226312 -1.725522 -0.473223
v -0.166050 -1.718461 -0.503654
v -0.164104 -1.727873 -0.497177
v -0.166050 -1.738365 -0.501701
v -0.167996 -1.728953 -0.508178
v -0.104353 -1.720973 -0.529257
v -0.103029 -1.730360 -0.522522
v -0.104353 -1.740877 -0.527303
v -0.105678 -1.731490 -0.534038
v -0.039292 -1.722532 -0.545140
v -0.038621 -1.731903 -0.538246
v -0.039292 -1.742436 -0.543187
v -0.039962 -1.733065 -0.550081
v 0.028539 -1.723067 -0.550593
v 0.028539 -1.732433 -0.543645
v 0.028539 -1.742971 -0.548640
v 0.028539 -1.733605 -0.555588
v 0.096369 -1.722532 -0.545140
v 0.095699 -1.731903 -0.538246
v 0.096369 -1.742436 -0.543187
v 0.097039 -1.733065 -0.550081
v 0.161431 -1.720973 -0.529257
v 0.160107 -1.730360 -0.522522
v 0.161431 -1.740877 -0.527303
v 0.162755 -1.731490 -0.534038
v 0.223128 -1.718461 -0.503654
v 0.221181 -1.727873 -0.497177
v 0.223128 -1.738365 -0.501701
v 0.225074 -1.728953 -0.508178
v 0.280863 -1.715064 -0.469046
v 0.278337 -1.724511 -0.462916
v 0.280863 -1.734969 -0.467093
v 0.283389 -1.725522 -0.473223
v 0.334040 -1.710854 -0.426145
v 0.330982 -1.720343 -0.420443
v 0.334040 -1.730759 -0.424191
v 0.337097 -1.721270 -0.429893
v 0.382062 -1.705900 -0.375662
v 0.378527 -1.715438 -0.370463
v 0.382062 -1.725805 -0.373708
v 0.385598 -1.716267 -0.378908
v 0.424333 -1.700272 -0.318311
v 0.420377 -1.709866 -0.313682
v 0.424333 -1.720177 -0.316357
v 0.428289 -1.710583 -0.320985
v 0.460256 -1.694040 -0.254803
v 0.455941 -1.703696 -0.250810
v 0.460256 -1.713944 -0.252850
v 0.464571 -1.704288 -0.256843
v 0.489235 -1.687274 -0.185852
v 0.484629 -1.696998 -0.182551
v 0.489235 -1.707178 -0.183899
v 0.493841 -1.697454 -0.187200
v 0.510673 -1.680043 -0.112170
v 0.505851 -1.689840 -0.109612
v 0.510673 -1.699947 -0.110217
v 0.515494 -1.690150 -0.112775
v 0.523973 -1.672418 -0.034469
v 0.519018 -1.682292 -0.032692
v 0.523973 -1.692322 -0.032516
v 0.528928 -1.682449 -0.034292
vn 0.0603 0.9934 -0.0975
vn -1.0000 -0.0000 -0.0000
vn 0.0603 -0.9934 0.0975
vn 1.0000 -0.0000 -0.0000
vn 0.0598 0.9941 -0.0908
vn -0.9937 -0.0109 -0.1115
vn 0.0598 -0.9928 0.1042
vn 0.9937 0.0109 0.1115
vn 0.0575 0.9948 -0.0844
vn -0.9748 -0.0218 -0.2220
vn 0.0575 -0.9922 0.1106
vn 0.9748 0.0218 0.2220
vn 0.0541 0.9954 -0.0786
vn -0.9432 -0.0324 -0.3306
vn 0.0541 -0.9917 0.1164
vn 0.9432 0.0324 0.3306
vn 0.0500 0.9961 -0.0733
vn -0.8987 -0.0428 -0.4364
vn 0.0500 -0.9913 0.1218
vn 0.8987 0.0428 0.4364
vn 0.0454 0.9966 -0.0685
vn -0.8407 -0.0529 -0.5389
vn 0.0454 -0.9909 0.1266
vn 0.8407 0.0529 0.5389
vn 0.0404 0.9971 -0.0640
vn -0.7682 -0.0625 -0.6371
vn 0.0404 -0.9906 0.1310
vn 0.7682 0.0625 0.6371
vn 0.0351 0.9976 -0.0599
vn -0.6800 -0.0716 -0.7297
vn 0.0351 -0.9902 0.1352
vn 0.6800 0.0716 0.7297
vn 0.0292 0.9980 -0.0561
vn -0.5749 -0.0799 -0.8143
vn 0.0292 -0.9899 0.1390
vn 0.5749 0.0799 0.8143
vn 0.0229 0.9983 -0.0527
vn -0.4523 -0.0871 -0.8876
vn 0.0229 -0.9895 0.1424
vn 0.4522 0.0871 0.8876
vn 0.0158 0.9986 -0.0499
vn -0.3130 -0.0928 -0.9452
vn 0.0158 -0.9893 0.1452
vn 0.3130 0.0928 0.9452
vn 0.0081 0.9988 -0.0479
vn -0.1602 -0.0964 -0.9824
vn 0.0081 -0.9891 0.1472
vn 0.1602 0.0964 0.9824
vn -0.0000 0.9989 -0.0475
vn -0.0000 -0.0977 -0.9952
vn -0.0000 -0.9890 0.1476
vn -0.0000 0.0977 0.9952
vn -0.0081 0.9988 -0.0479
vn 0.1602 -0.0964 -0.9824
vn -0.0081 -0.9891 0.1472
vn -0.1602 0.0964 0.9824
vn -0.0158 0.9986 -0.0499
vn 0.3130 -0.0928 -0.9452
vn -0.0158 -0.9893 0.1452
vn -0.3130 0.0928 0.9452
vn -0.0229 0.9983 -0.0527
vn 0.4523 -0.0871 -0.8876
vn -0.0229 -0.9895 0.1424
vn -0.4522 0.0871 0.8876
vn -0.0292 0.9980 -0.0561
vn 0.5749 -0.0799 -0.8143
vn -0.0292 -0.9899 0.1390
vn -0.5749 0.0799 0.8143
vn -0.0351 0.9976 -0.0599
vn 0.6800 -0.0716 -0.7297
vn -0.0351 -0.9902 0.1352
vn -0.6800 0.0716 0.7297
vn -0.0404 0.9971 -0.0640
vn 0.7682 -0.0625 -0.6371
vn -0.0404 -0.9906 0.1310
vn -0.7682 0.0625 0.6371
vn -0.0454 0.9966 -0.0685
vn 0.8407 -0.0529 -0.5389
vn -0.0454 -0.9909 0.1266
vn -0.8407 0.0529 0.5389
vn -0.0500 0.9961 -0.0733
vn 0.8987 -0.0428 -0.4364
vn -0.0500 -0.9913 0.1218
vn -0.8987 0.0428 0.4364
vn -0.0541 0.9954 -0.0786
vn 0.9432 -0.0324 -0.3306
vn -0.0541 -0.9917 0.1164
vn -0.9432 0.0324 0.3306
vn -0.0575 0.9948 -0.0844
vn 0.9748 -0.0218 -0.2220
vn -0.0575 -0.9922 0.1106
vn -0.9748 0.0218 0.2220
vn -0.0598 0.9941 -0.0908
vn 0.9937 -0.0109 -0.1115
vn -0.0598 -0.9928 0.1042
vn -0.9937 0.0109 0.1115
vn -0.0603 0.9934 -0.0975
vn -0.0603 -0.9934 0.0975
vn -0.0598 0.9928 -0.1042
vn -0.0598 -0.9941 0.0908
vn -0.0575 0.9922 -0.1106
vn -0.0575 -0.9948 0.0844
vn -0.0541 0.9917 -0.1164
vn -0.0541 -0.9954 0.0786
vn -0.0500 0.9913 -0.1218
vn -0.0500 -0.9961 0.0733
vn -0.0454 0.9909 -0.1266
vn -0.0454 -0.9966 0.0685
vn -0.0404 0.9906 -0.1310
vn -0.0404 -0.9971 0.0640
vn -0.0351 0.9902 -0.1352
vn -0.0351 -0.9976 0.0599
vn -0.0292 0.9899 -0.1390
vn -0.0292 -0.9980 0.0561
vn -0.0229 0.9895 -0.1424
vn 0.4523 0.0871 0.8876
vn -0.0229 -0.9984 0.0527
vn -0.4522 -0.0871 -0.8876
vn -0.0158 0.9893 -0.1452
vn -0.0158 -0.9986 0.0499
vn -0.0081 0.9891 -0.1472
vn -0.0081 -0.9988 0.0479
vn -0.0000 0.9890 -0.1476
vn -0.0000 -0.9989 0.0475
vn 0.0081 0.9891 -0.1472
vn 0.0081 -0.9988 0.0479
vn 0.0158 0.9893 -0.1452
vn 0.0158 -0.9986 0.0499
vn 0.0229 0.9895 -0.1424
vn -0.4523 0.0871 0.8876
vn 0.0229 -0.9984 0.0527
vn 0.4522 -0.0871 -0.8876
vn 0.0292 0.9899 -0.1390
vn 0.0292 -0.9980 0.0561
vn 0.0351 0.9902 -0.1352
vn 0.0351 -0.9976 0.0599
vn 0.0404 0.9906 -0.1310
vn 0.0404 -0.9971 0.0640
vn 0.0454 0.9909 -0.1266
vn 0.0454 -0.9966 0.0685
vn 0.0500 0.9913 -0.1218
vn 0.0500 -0.9961 0.0733
vn 0.0541 0.9917 -0.1164
vn 0.0541 -0.9954 0.0786
vn 0.0575 0.9922 -0.1106
vn 0.0575 -0.9948 0.0844
vn 0.0598 0.9928 -0.1042
vn 0.0598 -0.9941 0.0908
vt 0.000000 1.000000
vt 0.020833 1.000000
vt 0.020833 0.750000
vt 0.000000 0.750000
vt 0.000000 0.250000
vt 0.020833 0.250000
vt 0.020833 0.000000
vt 0.000000 0.000000
vt 0.000000 0.500000
vt 0.020833 0.500000
vt 0.041667 1.000000
vt 0.041667 0.750000
vt 0.041667 0.250000
vt 0.041667 0.000000
vt 0.041667 0.500000
vt 0.062500 1.000000
vt 0.062500 0.750000
vt 0.062500 0.250000
vt 0.062500 0.000000
vt 0.062500 0.500000
vt 0.083333 1.000000
vt 0.083333 0.750000
vt 0.083333 0.250000
vt 0.083333 0.000000
vt 0.083333 0.500000
vt 0.104167 1.000000
vt 0.104167 0.750000
vt 0.104167 0.250000
vt 0.104167 0.000000
vt 0.104167 0.500000
vt 0.125000 1.000000
vt 0.125000 0.750000
vt 0.125000 0.250000
vt 0.125000 0.000000
vt 0.125000 0.500000
vt 0.145833 1.000000
vt 0.145833 0.750000
vt 0.145833 0.250000
vt 0.145833 0.000000
vt 0.145833 0.500000
vt 0.166667 1.000000
vt 0.166667 0.750000
vt 0.166667 0.250000
vt 0.166667 0.000000
vt 0.166667 0.500000
vt 0.187500 1.000000
vt 0.187500 0.750000
vt 0.187500 0.250000
vt 0.187500 0.000000
vt 0.187500 0.500000
vt 0.208333 1.000000
vt 0.208333 0.750000
vt 0.208333 0.250000
vt 0.208333 0.000000
vt 0.208333 0.500000
vt 0.229167 1.000000
vt 0.229167 0.750000
vt 0.229167 0.250000
vt 0.229167 0.000000
vt 0.229167 0.500000
vt 0.250000 1.000000
vt 0.250000 0.750000
vt 0.250000 0.250000
vt 0.250000 0.000000
vt 0.250000 0.500000
vt 0.270833 1.000000
vt 0.270833 0.750000
vt 0.270833 0.250000
vt 0.270833 0.000000
vt 0.270833 0.500000
vt 0.291667 1.000000
vt 0.291667 0.750000
vt 0.291667 0.250000
vt 0.291667 0.000000
vt 0.291667 0.500000
vt 0.312500 1.000000
vt 0.312500 0.750000
vt 0.312500 0.250000
vt 0.312500 0.000000
vt 0.312500 0.500000
vt 0.333333 1.000000
vt 0.333333 0.750000
vt 0.333333 0.250000
vt 0.333333 0.000000
vt 0.333333 0.500000
vt 0.354167 1.000000
vt 0.354167 0.750000
vt 0.354167 0.250000
vt 0.354167 0.000000
vt 0.354167 0.500000
vt 0.375000 1.000000
vt 0.375000 0.750000
vt 0.375000 0.250000
vt 0.375000 0.000000
vt 0.375000 0.500000
vt 0.395833 1.000000
vt 0.395833 0.750000
vt 0.395833 0.250000
vt 0.395833 0.000000
vt 0.395833 0.500000
vt 0.416667 1.000000
vt 0.416667 0.750000
vt 0.416667 0.250000
vt 0.416667 0.000000
vt 0.416667 0.500000
vt 0.437500 1.000000
vt 0.437500 0.750000
vt 0.437500 0.250000
vt 0.437500 0.000000
vt 0.437500 0.500000
vt 0.458333 1.000000
vt 0.458333 0.750000
vt 0.458333 0.250000
vt 0.458333 0.000000
vt 0.458333 0.500000
vt 0.479167 1.000000
vt 0.479167 0.750000
vt 0.479167 0.250000
vt 0.479167 0.000000
vt 0.479167 0.500000
vt 0.500000 1.000000
vt 0.500000 0.750000
vt 0.500000 0.250000
vt 0.500000 0.000000
vt 0.500000 0.500000
vt 0.520833 1.000000
vt 0.520833 0.750000
vt 0.520833 0.250000
vt 0.520833 0.000000
vt 0.520833 0.500000
vt 0.541667 1.000000
vt 0.541667 0.750000
vt 0.541667 0.250000
vt 0.541667 0.000000
vt 0.541667 0.500000
vt 0.562500 1.000000
vt 0.562500 0.750000
vt 0.562500 0.250000
vt 0.562500 0.000000
vt 0.562500 0.500000
vt 0.583333 1.000000
vt 0.583333 0.750000
vt 0.583333 0.250000
vt 0.583333 0.000000
vt 0.583333 0.500000
vt 0.604167 1.000000
vt 0.604167 0.750000
vt 0.604167 0.250000
vt 0.604167 0.000000
vt 0.604167 0.500000
vt 0.625000 1.000000
vt 0.625000 0.750000
vt 0.625000 0.250000
vt 0.625000 0.000000
vt 0.625000 0.500000
vt 0.645833 1.000000
vt 0.645833 0.750000
vt 0.645833 0.250000
vt 0.645833 0.000000
vt 0.645833 0.500000
vt 0.666667 1.000000
vt 0.666667 0.750000
vt 0.666667 0.250000
vt 0.666667 0.000000
vt 0.666667 0.500000
vt 0.687500 1.000000
vt 0.687500 0.750000
vt 0.687500 0.250000
vt 0.687500 0.000000
vt 0.687500 0.500000
vt 0.708333 1.000000
vt 0.708333 0.750000
vt 0.708333 0.250000
vt 0.708333 0.000000
vt 0.708333 0.500000
vt 0.729167 1.000000
vt 0.729167 0.750000
vt 0.729167 0.250000
vt 0.729167 0.000000
vt 0.729167 0.500000
vt 0.750000 1.000000
vt 0.750000 0.750000
vt 0.750000 0.250000
vt 0.750000 0.000000
vt 0.750000 0.500000
vt 0.770833 1.000000
vt 0.770833 0.750000
vt 0.770833 0.250000
vt 0.770833 0.000000
vt 0.770833 0.500000
vt 0.791667 1.000000
vt 0.791667 0.750000
vt 0.791667 0.250000
vt 0.791667 0.000000
vt 0.791667 0.500000
vt 0.812500 1.000000
vt 0.812500 0.750000
vt 0.812500 0.250000
vt 0.812500 0.000000
vt 0.812500 0.500000
vt 0.833333 1.000000
vt 0.833333 0.750000
vt 0.833333 0.250000
vt 0.833333 0.000000
vt 0.833333 0.500000
vt 0.854167 1.000000
vt 0.854167 0.750000
vt 0.854167 0.250000
vt 0.854167 0.000000
vt 0.854167 0.500000
vt 0.875000 1.000000
vt 0.875000 0.750000
vt 0.875000 0.250000
vt 0.875000 0.000000
vt 0.875000 0.500000
vt 0.895833 1.000000
vt 0.895833 0.750000
vt 0.895833 0.250000
vt 0.895833 0.000000
vt 0.895833 0.500000
vt 0.916667 1.000000
vt 0.916667 0.750000
vt 0.916667 0.250000
vt 0.916667 0.000000
vt 0.916667 0.500000
vt 0.937500 1.000000
vt 0.937500 0.750000
vt 0.937500 0.250000
vt 0.937500 0.000000
vt 0.937500 0.500000
vt 0.958333 1.000000
vt 0.958333 0.750000
vt 0.958333 0.250000
vt 0.958333 0.000000
vt 0.958333 0.500000
vt 0.979167 1.000000
vt 0.979167 0.750000
vt 0.979167 0.250000
vt 0.979167 0.000000
vt 0.979167 0.500000
vt 1.000000 1.000000
vt 1.000000 0.750000
vt 1.000000 0.250000
vt 1.000000 0.000000
vt 1.000000 0.500000
s 1
f 769/981/577 773/982/581 776/983/584 772/984/580
f 770/985/578 774/986/582 773/987/581 769/988/577
f 771/989/579 775/990/583 774/986/582 770/985/578
f 772/984/580 776/983/584 775/990/583 771/989/579
f 773/982/581 777/991/585 780/992/588 776/983/584
f 774/986/582 778/993/586 777/994/585 773/987/581
f 775/990/583 779/995/587 778/993/586 774/986/582
f 776/983/584 780/992/588 779/995/587 775/990/583
f 777/991/585 781/996/589 784/997/592 780/992/588
f 778/993/586 782/998/590 781/999/589 777/994/585
f 779/995/587 783/1000/591 782/998/590 778/993/586
f 780/992/588 784/997/592 783/1000/591 779/995/587
f 781/996/589 785/1001/593 788/1002/596 784/997/592
f 782/998/590 786/1003/594 785/1004/593 781/999/589
f 783/1000/591 787/1005/595 786/1003/594 782/998/590
f 784/997/592 788/1002/596 787/1005/595 783/1000/591
f 785/1001/593 789/1006/597 792/1007/600 788/1002/596
f 786/1003/594 790/1008/598 789/1009/597 785/1004/593
f 787/1005/595 791/1010/599 790/1008/598 786/1003/594
f 788/1002/596 792/1007/600 791/1010/599 787/1005/595
f 789/1006/597 793/1011/601 796/1012/604 792/1007/600
f 790/1008/598 794/1013/602 793/1014/601 789/1009/597
f 791/1010/599 795/1015/603 794/1013/602 790/1008/598
f 792/1007/600 796/1012/604 795/1015/603 791/1010/599
f 793/1011/601 797/1016/605 800/1017/608 796/1012/604
f 794/1013/602 798/1018/606 797/1019/605 793/1014/601
f 795/1015/603 799/1020/607 798/1018/606 794/1013/602
f 796/1012/604 800/1017/608 799/1020/607 795/1015/603
f 797/1016/605 801/1021/609 804/1022/612 800/1017/608
f 798/1018/606 802/1023/610 801/1024/609 797/1019/605
f 799/1020/607 803/1025/611 802/1023/610 798/1018/606
f 800/1017/608 804/1022/612 803/1025/611 799/1020/607
f 801/1021/609 805/1026/613 808/1027/616 804/1022/612
f 802/1023/610 806/1028/614 805/1029/613 801/1024/609
f 803/1025/611 807/1030/615 806/1028/614 802/1023/610
f 804/1022/612 808/1027/616 807/1030/615 803/1025/611
f 805/1026/613 809/1031/617 812/1032/620 808/1027/616
f 806/1028/614 810/1033/618 809/1034/617 805/1029/613
f 807/1030/615 811/1035/619 810/1033/618 806/1028/614
f 808/1027/616 812/1032/620 811/1035/619 807/1030/615
f 809/1031/617 813/1036/621 816/1037/624 812/1032/620
f 810/1033/618 814/1038/622 813/1039/621 809/1034/617
f 811/1035/619 815/1040/623 814/1038/622 810/1033/618
f 812/1032/620 816/1037/624 815/1040/623 811/1035/619
f 813/1036/621 817/1041/625 820/1042/628 816/1037/624
f 814/1038/622 818/1043/626 817/1044/625 813/1039/621
f 815/1040/623 819/1045/627 818/1043/626 814/1038/622
f 816/1037/624 820/1042/628 819/1045/627 815/1040/623
f 817/1041/625 821/1046/629 824/1047/632 820/1042/628
f 818/1043/626 822/1048/630 821/1049/629 817/1044/625
f 819/1045/627 823/1050/631 822/1048/630 818/1043/626
f 820/1042/628 824/1047/632 823/1050/631 819/1045/627
f 821/1046/629 825/1051/633 828/1052/636 824/1047/632
f 822/1048/630 826/1053/634 825/1054/633 821/1049/629
f 823/1050/631 827/1055/635 826/1053/634 822/1048/630
f 824/1047/632 828/1052/636 827/1055/635 823/1050/631
f 825/1051/633 829/1056/637 832/1057/640 828/1052/636
f 826/1053/634 830/1058/638 829/1059/637 825/1054/633
f 827/1055/635 831/1060/639 830/1058/638 826/1053/634
f 828/1052/636 832/1057/640 831/1060/639 827/1055/635
f 829/1056/637 833/1061/641 836/1062/644 832/1057/640
f 830/1058/638 834/1063/642 833/1064/641 829/1059/637
f 831/1060/639 835/1065/643 834/1063/642 830/1058/638
f 832/1057/640 836/1062/644 835/1065/643 831/1060/639
f 833/1061/641 837/1066/645 840/1067/648 836/1062/644
f 834/1063/642 838/1068/646 837/1069/645 833/1064/641
f 835/1065/643 839/1070/647 838/1068/646 834/1063/642
f 836/1062/644 840/1067/648 839/1070/647 835/1065/643
f 837/1066/645 841/1071/649 844/1072/652 840/1067/648
f 838/1068/646 842/1073/650 841/1074/649 837/1069/645
f 839/1070/647 843/1075/651 842/1073/650 838/1068/646
f 840/1067/648 844/1072/652 843/1075/651 839/1070/647
f 841/1071/649 845/1076/653 848/1077/656 844/1072/652
f 842/1073/650 846/1078/654 845/1079/653 841/1074/649
f 843/1075/651 847/1080/655 846/1078/654 842/1073/650
f 844/1072/652 848/1077/656 847/1080/655 843/1075/651
f 845/1076/653 849/1081/657 852/1082/660 848/1077/656
f 846/1078/654 850/1083/658 849/1084/657 845/1079/653
f 847/1080/655 851/1085/659 850/1083/658 846/1078/654
f 848/1077/656 852/1082/660 851/1085/659 847/1080/655
f 849/1081/657 853/1086/661 856/1087/664 852/1082/660
f 850/1083/658 854/1088/662 853/1089/661 849/1084/657
f 851/1085/659 855/1090/663 854/1088/662 850/1083/658
f 852/1082/660 856/1087/664 855/1090/663 851/1085/659
f 853/1086/661 857/1091/665 860/1092/668 856/1087/664
f 854/1088/662 858/1093/666 857/1094/665 853/1089/661
f 855/1090/663 859/1095/667 858/1093/666 854/1088/662
f 856/1087/664 860/1092/668 859/1095/667 855/1090/663
f 857/1091/665 861/1096/669 864/1097/672 860/1092/668
f 858/1093/666 862/1098/670 861/1099/669 857/1094/665
f 859/1095/667 863/1100/671 862/1098/670 858/1093/666
f 860/1092/668 864/1097/672 863/1100/671 859/1095/667
f 861/1096/669 865/1101/673 868/1102/578 864/1097/672
f 862/1098/670 866/1103/580 865/1104/673 861/1099/669
f 863/1100/671 867/1105/674 866/1103/580 862/1098/670
f 864/1097/672 868/1102/578 867/1105/674 863/1100/671
f 865/1101/673 869/1106/675 872/1107/582 868/1102/578
f 866/1103/580 870/1108/584 869/1109/675 865/1104/673
f 867/1105/674 871/1110/676 870/1108/584 866/1103/580
f 868/1102/578 872/1107/582 871/1110/676 867/1105/674
f 869/1106/675 873/1111/677 876/1112/586 872/1107/582
f 870/1108/584 874/1113/588 873/1114/677 869/1109/675
f 871/1110/676 875/1115/678 874/1113/588 870/1108/584
f 872/1107/582 876/1112/586 875/1115/678 871/1110/676
f 873/1111/677 877/1116/679 880/1117/590 876/1112/586
f 874/1113/588 878/1118/592 877/1119/679 873/1114/677
f 875/1115/678 879/1120/680 878/1118/592 874/1113/588
f 876/1112/586 880/1117/590 879/1120/680 875/1115/678
f 877/1116/679 881/1121/681 884/1122/594 880/1117/590
f 878/1118/592 882/1123/596 881/1124/681 877/1119/679
f 879/1120/680 883/1125/682 882/1123/596 878/1118/592
f 880/1117/590 884/1122/594 883/1125/682 879/1120/680
f 881/1121/681 885/1126/683 888/1127/598 884/1122/594
f 882/1123/596 886/1128/600 885/1129/683 881/1124/681
f 883/1125/682 887/1130/684 886/1128/600 882/1123/596
f 884/1122/594 888/1127/598 887/1130/684 883/1125/682
f 885/1126/683 889/1131/685 892/1132/602 888/1127/598
f 886/1128/600 890/1133/604 889/1134/685 885/1129/683
f 887/1130/684 891/1135/686 890/1133/604 886/1128/600
f 888/1127/598 892/1132/602 891/1135/686 887/1130/684
f 889/1131/685 893/1136/687 896/1137/606 892/1132/602
f 890/1133/604 894/1138/608 893/1139/687 889/1134/685
f 891/1135/686 895/1140/688 894/1138/608 890/1133/604
f 892/1132/602 896/1137/606 895/1140/688 891/1135/686
f 893/1136/687 897/1141/689 900/1142/610 896/1137/606
f 894/1138/608 898/1143/612 897/1144/689 893/1139/687
f 895/1140/688 899/1145/690 898/1143/612 894/1138/608
f 896/1137/606 900/1142/610 899/1145/690 895/1140/688
f 897/1141/689 901/1146/691 904/1147/694 900/1142/610
f 898/1143/612 902/1148/692 901/1149/691 897/1144/689
f 899/1145/690 903/1150/693 902/1148/692 898/1143/612
f 900/1142/610 904/1147/694 903/1150/693 899/1145/690
f 901/1146/691 905/1151/695 908/1152/618 904/1147/694
f 902/1148/692 906/1153/620 905/1154/695 901/1149/691
f 903/1150/693 907/1155/696 906/1153/620 902/1148/692
f 904/1147/694 908/1152/618 907/1155/696 903/1150/693
f 905/1151/695 909/1156/697 912/1157/622 908/1152/618
f 906/1153/620 910/1158/624 909/1159/697 905/1154/695
f 907/1155/696 911/1160/698 910/1158/624 906/1153/620
f 908/1152/618 912/1157/622 911/1160/698 907/1155/696
f 909/1156/697 913/1161/699 916/1162/626 912/1157/622
f 910/1158/624 914/1163/628 913/1164/699 909/1159/697
f 911/1160/698 915/1165/700 914/1163/628 910/1158/624
f 912/1157/622 916/1162/626 915/1165/700 911/1160/698
f 913/1161/699 917/1166/701 920/1167/630 916/1162/626
f 914/1163/628 918/1168/632 917/1169/701 913/1164/699
f 915/1165/700 919/1170/702 918/1168/632 914/1163/628
f 916/1162/626 920/1167/630 919/1170/702 915/1165/700
f 917/1166/701 921/1171/703 924/1172/634 920/1167/630
f 918/1168/632 922/1173/636 921/1174/703 917/1169/701
f 919/1170/702 923/1175/704 922/1173/636 918/1168/632
f 920/1167/630 924/1172/634 923/1175/704 919/1170/702
f 921/1171/703 925/1176/705 928/1177/708 924/1172/634
f 922/1173/636 926/1178/706 925/1179/705 921/1174/703
f 923/1175/704 927/1180/707 926/1178/706 922/1173/636
f 924/1172/634 928/1177/708 927/1180/707 923/1175/704
f 925/1176/705 929/1181/709 932/1182/642 928/1177/708
f 926/1178/706 930/1183/644 929/1184/709 925/1179/705
f 927/1180/707 931/1185/710 930/1183/644 926/1178/706
f 928/1177/708 932/1182/642 931/1185/710 927/1180/707
f 929/1181/709 933/1186/711 936/1187/646 932/1182/642
f 930/1183/644 934/1188/648 933/1189/711 929/1184/709
f 931/1185/710 935/1190/712 934/1188/648 930/1183/644
f 932/1182/642 936/1187/646 935/1190/712 931/1185/710
f 933/1186/711 937/1191/713 940/1192/650 936/1187/646
f 934/1188/648 938/1193/652 937/1194/713 933/1189/711
f 935/1190/712 939/1195/714 938/1193/652 934/1188/648
f 936/1187/646 940/1192/650 939/1195/714 935/1190/712
f 937/1191/713 941/1196/715 944/1197/654 940/1192/650
f 938/1193/652 942/1198/656 941/1199/715 937/1194/713
f 939/1195/714 943/1200/716 942/1198/656 938/1193/652
f 940/1192/650 944/1197/654 943/1200/716 939/1195/714
f 941/1196/715 945/1201/717 948/1202/658 944/1197/654
f 942/1198/656 946/1203/660 945/1204/717 941/1199/715
f 943/1200/716 947/1205/718 946/1203/660 942/1198/656
f 944/1197/654 948/1202/658 947/1205/718 943/1200/716
f 945/1201/717 949/1206/719 952/1207/662 948/1202/658
f 946/1203/660 950/1208/664 949/1209/719 945/1204/717
f 947/1205/718 951/1210/720 950/1208/664 946/1203/660
f 948/1202/658 952/1207/662 951/1210/720 947/1205/718
f 949/1206/719 953/1211/721 956/1212/666 952/1207/662
f 950/1208/664 954/1213/668 953/1214/721 949/1209/719
f 951/1210/720 955/1215/722 954/1213/668 950/1208/664
f 952/1207/662 956/1212/666 955/1215/722 951/1210/720
f 953/1211/721 957/1216/723 960/1217/670 956/1212/666
f 954/1213/668 958/1218/672 957/1219/723 953/1214/721
f 955/1215/722 959/1220/724 958/1218/672 954/1213/668
f 956/1212/666 960/1217/670 959/1220/724 955/1215/722
f 957/1216/723 769/1221/577 772/1222/580 960/1217/670
f 958/1218/672 770/1223/578 769/1224/577 957/1219/723
f 959/1220/724 771/1225/579 770/1223/578 958/1218/672
f 960/1217/670 772/1222/580 771/1225/579 959/1220/724
o BézierCurve
v 0.018539 -0.383467 -0.907627
v 0.028539 -0.379480 -0.901131
v 0.038539 -0.383467 -0.907627
v 0.028539 -0.387454 -0.914124
v 0.018444 -0.319730 -1.033180
v 0.028445 -0.316261 -1.025682
v 0.038444 -0.319722 -1.033196
v 0.028444 -0.323192 -1.040694
v 0.018184 -0.258637 -1.120292
v 0.028188 -0.255937 -1.111724
v 0.038184 -0.258617 -1.120324
v 0.028179 -0.261318 -1.128892
v 0.017790 -0.198705 -1.173448
v 0.027801 -0.197042 -1.163975
v 0.037789 -0.198672 -1.173492
v 0.027779 -0.200335 -1.182964
v 0.017296 -0.138451 -1.197132
v 0.027316 -0.137925 -1.187202
v 0.037295 -0.138406 -1.197180
v 0.027275 -0.138932 -1.207110
v 0.016735 -0.076392 -1.195825
v 0.026764 -0.076848 -1.185892
v 0.036735 -0.076339 -1.195874
v 0.026706 -0.075883 -1.205807
v 0.016141 -0.011044 -1.174008
v 0.026176 -0.012185 -1.164284
v 0.036141 -0.010990 -1.174056
v 0.026106 -0.009849 -1.183781
v 0.015548 0.059072 -1.136163
v 0.025586 0.057541 -1.126639
v 0.035547 0.059123 -1.136212
v 0.025509 0.060654 -1.145737
v 0.014987 0.135438 -1.086772
v 0.025026 0.133748 -1.077347
v 0.034987 0.135484 -1.086825
v 0.024947 0.137174 -1.096250
v 0.014493 0.219535 -1.030317
v 0.024532 0.217858 -1.020884
v 0.034493 0.219574 -1.030375
v 0.024454 0.221251 -1.039809
v 0.014099 0.312846 -0.971283
v 0.024138 0.311308 -0.961763
v 0.034099 0.312875 -0.971347
v 0.024060 0.314412 -0.980867
v 0.013838 0.416850 -0.914152
v 0.023876 0.415548 -0.904504
v 0.033838 0.416869 -0.914221
v 0.023800 0.418171 -0.923868
v 0.013744 0.533031 -0.863406
v 0.023782 0.532022 -0.853631
v 0.033744 0.533038 -0.863480
v 0.023706 0.534047 -0.873255
vn -0.9991 -0.0389 -0.0190
vn 0.0002 0.8917 0.4526
vn 0.9991 -0.0375 -0.0198
vn 0.0002 -0.8917 -0.4527
vn -0.9986 -0.0466 -0.0261
vn 0.0003 0.8591 0.5118
vn 0.9987 -0.0435 -0.0278
vn 0.0001 -0.8591 -0.5118
vn -0.9981 -0.0489 -0.0382
vn 0.0006 0.7517 0.6595
vn 0.9983 -0.0416 -0.0414
vn -0.0001 -0.7516 -0.6596
vn -0.9982 -0.0372 -0.0472
vn 0.0013 0.5333 0.8459
vn 0.9984 -0.0251 -0.0516
vn -0.0007 -0.5333 -0.8459
vn -0.9988 -0.0171 -0.0454
vn 0.0022 0.1808 0.9835
vn 0.9987 -0.0008 -0.0503
vn -0.0018 -0.1810 -0.9835
vn -0.9994 -0.0033 -0.0339
vn 0.0030 -0.1737 0.9848
vn 0.9991 0.0157 -0.0387
vn -0.0028 0.1733 -0.9849
vn -0.9998 -0.0001 -0.0201
vn 0.0033 -0.3994 0.9168
vn 0.9995 0.0195 -0.0249
vn -0.0033 0.3992 -0.9169
vn -1.0000 -0.0029 -0.0085
vn 0.0034 -0.5100 0.8602
vn 0.9998 0.0158 -0.0135
vn -0.0035 0.5099 -0.8602
vn -1.0000 -0.0068 0.0002
vn 0.0033 -0.5503 0.8350
vn 0.9999 0.0100 -0.0051
vn -0.0036 0.5502 -0.8350
vn -0.9999 -0.0094 0.0068
vn 0.0033 -0.5461 0.8377
vn 1.0000 0.0044 0.0010
vn -0.0037 0.5461 -0.8377
vn -0.9999 -0.0103 0.0118
vn 0.0033 -0.5086 0.8610
vn 1.0000 0.0002 0.0054
vn -0.0037 0.5086 -0.8610
vn -0.9998 -0.0093 0.0155
vn 0.0033 -0.4419 0.8971
vn 1.0000 -0.0026 0.0086
vn -0.0038 0.4419 -0.8970
vn -0.9998 -0.0083 0.0172
vn 0.0033 -0.4003 0.9164
vn 0.9999 -0.0035 0.0099
vn -0.0038 0.4003 -0.9164
vt 0.000000 1.000000
vt 0.083333 1.000000
vt 0.083333 0.750000
vt 0.000000 0.750000
vt 0.000000 0.250000
vt 0.083333 0.250000
vt 0.083333 0.000000
vt 0.000000 0.000000
vt 0.000000 0.500000
vt 0.083333 0.500000
vt 0.166667 1.000000
vt 0.166667 0.750000
vt 0.166667 0.250000
vt 0.166667 0.000000
vt 0.166667 0.500000
vt 0.250000 1.000000
vt 0.250000 0.750000
vt 0.250000 0.250000
vt 0.250000 0.000000
vt 0.250000 0.500000
vt 0.333333 1.000000
vt 0.333333 0.750000
vt 0.333333 0.250000
vt 0.333333 0.000000
vt 0.333333 0.500000
vt 0.416667 1.000000
vt 0.416667 0.750000
vt 0.416667 0.250000
vt 0.416667 0.000000
vt 0.416667 0.500000
vt 0.500000 1.000000
vt 0.500000 0.750000
vt 0.500000 0.250000
vt 0.500000 0.000000
vt 0.500000 0.500000
vt 0.583333 1.000000
vt 0.583333 0.750000
vt 0.583333 0.250000
vt 0.583333 0.000000
vt 0.583333 0.500000
vt 0.666667 1.000000
vt 0.666667 0.750000
vt 0.666667 0.250000
vt 0.666667 0.000000
vt 0.666667 0.500000
vt 0.750000 1.000000
vt 0.750000 0.750000
vt 0.750000 0.250000
vt 0.750000 0.000000
vt 0.750000 0.500000
vt 0.833333 1.000000
vt 0.833333 0.750000
vt 0.833333 0.250000
vt 0.833333 0.000000
vt 0.833333 0.500000
vt 0.916667 1.000000
vt 0.916667 0.750000
vt 0.916667 0.250000
vt 0.916667 0.000000
vt 0.916667 0.500000
vt 1.000000 1.000000
vt 1.000000 0.750000
vt 1.000000 0.250000
vt 1.000000 0.000000
vt 1.000000 0.500000
s 1
f 961/1226/725 965/1227/729 968/1228/732 964/1229/728
f 962/1230/726 966/1231/730 965/1232/729 961/1233/725
f 963/1234/727 967/1235/731 966/1231/730 962/1230/726
f 964/1229/728 968/1228/732 967/1235/731 963/1234/727
f 965/1227/729 969/1236/733 972/1237/736 968/1228/732
f 966/1231/730 970/1238/734 969/1239/733 965/1232/729
f 967/1235/731 971/1240/735 970/1238/734 966/1231/730
f 968/1228/732 972/1237/736 971/1240/735 967/1235/731
f 969/1236/733 973/1241/737 976/1242/740 972/1237/736
f 970/1238/734 974/1243/738 973/1244/737 969/1239/733
f 971/1240/735 975/1245/739 974/1243/738 970/1238/734
f 972/1237/736 976/1242/740 975/1245/739 971/1240/735
f 973/1241/737 977/1246/741 980/1247/744 976/1242/740
f 974/1243/738 978/1248/742 977/1249/741 973/1244/737
f 975/1245/739 979/1250/743 978/1248/742 974/1243/738
f 976/1242/740 980/1247/744 979/1250/743 975/1245/739
f 977/1246/741 981/1251/745 984/1252/748 980/1247/744
f 978/1248/742 982/1253/746 981/1254/745 977/1249/741
f 979/1250/743 983/1255/747 982/1253/746 978/1248/742
f 980/1247/744 984/1252/748 983/1255/747 979/1250/743
f 981/1251/745 985/1256/749 988/1257/752 984/1252/748
f 982/1253/746 986/1258/750 985/1259/749 981/1254/745
f 983/1255/747 987/1260/751 986/1258/750 982/1253/746
f 984/1252/748 988/1257/752 987/1260/751 983/1255/747
f 985/1256/749 989/1261/753 992/1262/756 988/1257/752
f 986/1258/750 990/1263/754 989/1264/753 985/1259/749
f 987/1260/751 991/1265/755 990/1263/754 986/1258/750
f 988/1257/752 992/1262/756 991/1265/755 987/1260/751
f 989/1261/753 993/1266/757 996/1267/760 992/1262/756
f 990/1263/754 994/1268/758 993/1269/757 989/1264/753
f 991/1265/755 995/1270/759 994/1268/758 990/1263/754
f 992/1262/756 996/1267/760 995/1270/759 991/1265/755
f 993/1266/757 997/1271/761 1000/1272/764 996/1267/760
f 994/1268/758 998/1273/762 997/1274/761 993/1269/757
f 995/1270/759 999/1275/763 998/1273/762 994/1268/758
f 996/1267/760 1000/1272/764 999/1275/763 995/1270/759
f 997/1271/761 1001/1276/765 1004/1277/768 1000/1272/764
f 998/1273/762 1002/1278/766 1001/1279/765 997/1274/761
f 999/1275/763 1003/1280/767 1002/1278/766 998/1273/762
f 1000/1272/764 1004/1277/768 1003/1280/767 999/1275/763
f 1001/1276/765 1005/1281/769 1008/1282/772 1004/1277/768
f 1002/1278/766 1006/1283/770 1005/1284/769 1001/1279/765
f 1003/1280/767 1007/1285/771 1006/1283/770 1002/1278/766
f 1004/1277/768 1008/1282/772 1007/1285/771 1003/1280/767
f 1005/1281/769 1009/1286/773 1012/1287/776 1008/1282/772
f 1006/1283/770 1010/1288/774 1009/1289/773 1005/1284/769
f 1007/1285/771 1011/1290/775 1010/1288/774 1006/1283/770
f 1008/1282/772 1012/1287/776 1011/1290/775 1007/1285/771
o BézierCurve.001
v 0.018539 -1.615669 0.644734
v 0.028539 -1.616347 0.654711
v 0.038539 -1.615669 0.644734
v 0.028539 -1.614992 0.634757
v 0.018539 -1.464881 0.652521
v 0.028539 -1.465199 0.662516
v 0.038539 -1.464881 0.652521
v 0.028539 -1.464562 0.642526
v 0.018539 -1.358735 0.653810
v 0.028539 -1.358629 0.663809
v 0.038539 -1.358735 0.653810
v 0.028539 -1.358842 0.643811
v 0.018539 -1.287453 0.651430
v 0.028539 -1.286938 0.661417
v 0.038539 -1.287453 0.651430
v 0.028539 -1.287968 0.641443
v 0.018539 -1.241253 0.648209
v 0.028539 -1.240706 0.658194
v 0.038539 -1.241253 0.648209
v 0.028539 -1.241800 0.638224
v 0.018539 -1.210355 0.646975
v 0.028539 -1.210856 0.656962
v 0.038539 -1.210355 0.646975
v 0.028539 -1.209854 0.636987
v 0.018539 -1.184978 0.650557
v 0.028539 -1.187464 0.660243
v 0.038539 -1.184978 0.650557
v 0.028539 -1.182493 0.640870
v 0.018539 -1.155343 0.661782
v 0.028539 -1.159344 0.670947
v 0.038539 -1.155343 0.661782
v 0.028539 -1.151342 0.652617
v 0.018539 -1.111668 0.683479
v 0.028539 -1.116195 0.692396
v 0.038539 -1.111668 0.683479
v 0.028539 -1.107142 0.674563
v 0.018539 -1.044174 0.718477
v 0.028539 -1.048732 0.727378
v 0.038539 -1.044174 0.718477
v 0.028539 -1.039616 0.709576
v 0.018539 -0.943079 0.769603
v 0.028539 -0.947518 0.778564
v 0.038539 -0.943079 0.769603
v 0.028539 -0.938641 0.760643
v 0.018539 -0.798604 0.839686
v 0.028539 -0.802894 0.848719
v 0.038539 -0.798604 0.839686
v 0.028539 -0.794314 0.830653
v 0.018539 -0.600968 0.931554
v 0.028539 -0.605116 0.940654
v 0.038539 -0.600968 0.931554
v 0.028539 -0.596820 0.922455
vn -1.0000 -0.0004 0.0073
vn -0.0000 -0.0516 0.9987
vn 1.0000 -0.0004 0.0073
vn -0.0000 0.0516 -0.9987
vn -1.0000 -0.0003 0.0089
vn -0.0000 -0.0319 0.9995
vn 1.0000 -0.0003 0.0089
vn -0.0000 0.0319 -0.9995
vn -0.9999 0.0001 0.0102
vn -0.0000 0.0106 0.9999
vn 0.9999 0.0001 0.0102
vn -0.0000 -0.0106 -0.9999
vn -1.0000 0.0004 0.0081
vn -0.0000 0.0515 0.9987
vn 1.0000 0.0004 0.0081
vn -0.0000 -0.0515 -0.9987
vn -1.0000 -0.0000 -0.0067
vn -0.0000 0.0551 0.9985
vn 1.0000 -0.0000 -0.0067
vn -0.0000 -0.0544 -0.9985
vn -0.9992 0.0026 -0.0404
vn -0.0000 -0.0496 0.9988
vn 0.9992 0.0026 -0.0404
vn -0.0000 0.0507 -0.9987
vn -0.9988 0.0122 -0.0483
vn -0.0000 -0.2487 0.9686
vn 0.9988 0.0122 -0.0483
vn -0.0000 0.2483 -0.9687
vn -0.9998 0.0085 -0.0206
vn -0.0000 -0.4005 0.9163
vn 0.9998 0.0085 -0.0206
vn -0.0000 0.3996 -0.9167
vn -1.0000 0.0017 -0.0035
vn -0.0000 -0.4527 0.8917
vn 1.0000 0.0017 -0.0035
vn -0.0000 0.4526 -0.8917
vn -1.0000 -0.0010 0.0020
vn -0.0000 -0.4558 0.8901
vn 1.0000 -0.0010 0.0020
vn -0.0000 0.4558 -0.8901
vn -1.0000 -0.0017 0.0033
vn -0.0000 -0.4439 0.8961
vn 1.0000 -0.0017 0.0033
vn -0.0000 0.4439 -0.8961
vn -1.0000 -0.0016 0.0034
vn -0.0000 -0.4290 0.9033
vn 1.0000 -0.0016 0.0034
vn -0.0000 0.4290 -0.9033
vn -1.0000 -0.0014 0.0030
vn -0.0000 -0.4215 0.9068
vn 1.0000 -0.0014 0.0030
vn -0.0000 0.4215 -0.9068
vt 0.000000 1.000000
vt 0.083333 1.000000
vt 0.083333 0.750000
vt 0.000000 0.750000
vt 0.000000 0.250000
vt 0.083333 0.250000
vt 0.083333 0.000000
vt 0.000000 0.000000
vt 0.000000 0.500000
vt 0.083333 0.500000
vt 0.166667 1.000000
vt 0.166667 0.750000
vt 0.166667 0.250000
vt 0.166667 0.000000
vt 0.166667 0.500000
vt 0.250000 1.000000
vt 0.250000 0.750000
vt 0.250000 0.250000
vt 0.250000 0.000000
vt 0.250000 0.500000
vt 0.333333 1.000000
vt 0.333333 0.750000
vt 0.333333 0.250000
vt 0.333333 0.000000
vt 0.333333 0.500000
vt 0.416667 1.000000
vt 0.416667 0.750000
vt 0.416667 0.250000
vt 0.416667 0.000000
vt 0.416667 0.500000
vt 0.500000 1.000000
vt 0.500000 0.750000
vt 0.500000 0.250000
vt 0.500000 0.000000
vt 0.500000 0.500000
vt 0.583333 1.000000
vt 0.583333 0.750000
vt 0.583333 0.250000
vt 0.583333 0.000000
vt 0.583333 0.500000
vt 0.666667 1.000000
vt 0.666667 0.750000
vt 0.666667 0.250000
vt 0.666667 0.000000
vt 0.666667 0.500000
vt 0.750000 1.000000
vt 0.750000 0.750000
vt 0.750000 0.250000
vt 0.750000 0.000000
vt 0.750000 0.500000
vt 0.833333 1.000000
vt 0.833333 0.750000
vt 0.833333 0.250000
vt 0.833333 0.000000
vt 0.833333 0.500000
vt 0.916667 1.000000
vt 0.916667 0.750000
vt 0.916667 0.250000
vt 0.916667 0.000000
vt 0.916667 0.500000
vt 1.000000 1.000000
vt 1.000000 0.750000
vt 1.000000 0.250000
vt 1.000000 0.000000
vt 1.000000 0.500000
s 1
f 1013/1291/777 1017/1292/781 1020/1293/784 1016/1294/780
f 1014/1295/778 1018/1296/782 1017/1297/781 1013/1298/777
f 1015/1299/779 1019/1300/783 1018/1296/782 1014/1295/778
f 1016/1294/780 1020/1293/784 1019/1300/783 1015/1299/779
f 1017/1292/781 1021/1301/785 1024/1302/788 1020/1293/784
f 1018/1296/782 1022/1303/786 1021/1304/785 1017/1297/781
f 1019/1300/783 1023/1305/787 1022/1303/786 1018/1296/782
f 1020/1293/784 1024/1302/788 1023/1305/787 1019/1300/783
f 1021/1301/785 1025/1306/789 1028/1307/792 1024/1302/788
f 1022/1303/786 1026/1308/790 1025/1309/789 1021/1304/785
f 1023/1305/787 1027/1310/791 1026/1308/790 1022/1303/786
f 1024/1302/788 1028/1307/792 1027/1310/791 1023/1305/787
f 1025/1306/789 1029/1311/793 1032/1312/796 1028/1307/792
f 1026/1308/790 1030/1313/794 1029/1314/793 1025/1309/789
f 1027/1310/791 1031/1315/795 1030/1313/794 1026/1308/790
f 1028/1307/792 1032/1312/796 1031/1315/795 1027/1310/791
f 1029/1311/793 1033/1316/797 1036/1317/800 1032/1312/796
f 1030/1313/794 1034/1318/798 1033/1319/797 1029/1314/793
f 1031/1315/795 1035/1320/799 1034/1318/798 1030/1313/794
f 1032/1312/796 1036/1317/800 1035/1320/799 1031/1315/795
f 1033/1316/797 1037/1321/801 1040/1322/804 1036/1317/800
f 1034/1318/798 1038/1323/802 1037/1324/801 1033/1319/797
f 1035/1320/799 1039/1325/803 1038/1323/802 1034/1318/798
f 1036/1317/800 1040/1322/804 1039/1325/803 1035/1320/799
f 1037/1321/801 1041/1326/805 1044/1327/808 1040/1322/804
f 1038/1323/802 1042/1328/806 1041/1329/805 1037/1324/801
f 1039/1325/803 1043/1330/807 1042/1328/806 1038/1323/802
f 1040/1322/804 1044/1327/808 1043/1330/807 1039/1325/803
f 1041/1326/805 1045/1331/809 1048/1332/812 1044/1327/808
f 1042/1328/806 1046/1333/810 1045/1334/809 1041/1329/805
f 1043/1330/807 1047/1335/811 1046/1333/810 1042/1328/806
f 1044/1327/808 1048/1332/812 1047/1335/811 1043/1330/807
f 1045/1331/809 1049/1336/813 1052/1337/816 1048/1332/812
f 1046/1333/810 1050/1338/814 1049/1339/813 1045/1334/809
f 1047/1335/811 1051/1340/815 1050/1338/814 1046/1333/810
f 1048/1332/812 1052/1337/816 1051/1340/815 1047/1335/811
f 1049/1336/813 1053/1341/817 1056/1342/820 1052/1337/816
f 1050/1338/814 1054/1343/818 1053/1344/817 1049/1339/813
f 1051/1340/815 1055/1345/819 1054/1343/818 1050/1338/814
f 1052/1337/816 1056/1342/820 1055/1345/819 1051/1340/815
f 1053/1341/817 1057/1346/821 1060/1347/824 1056/1342/820
f 1054/1343/818 1058/1348/822 1057/1349/821 1053/1344/817
f 1055/1345/819 1059/1350/823 1058/1348/822 1054/1343/818
f 1056/1342/820 1060/1347/824 1059/1350/823 1055/1345/819
f 1057/1346/821 1061/1351/825 1064/1352/828 1060/1347/824
f 1058/1348/822 1062/1353/826 1061/1354/825 1057/1349/821
f 1059/1350/823 1063/1355/827 1062/1353/826 1058/1348/822
f 1060/1347/824 1064/1352/828 1063/1355/827 1059/1350/823
o BézierCurve.003
v 0.985331 0.331440 0.052121
v 0.996669 0.323826 0.055795
v 1.004650 0.331440 0.046945
v 0.993313 0.339054 0.043271
v 1.034224 0.465783 0.234316
v 1.045081 0.456919 0.236201
v 1.053539 0.465774 0.229127
v 1.042682 0.474639 0.227242
v 1.071737 0.517683 0.373561
v 1.081631 0.507720 0.371875
v 1.091045 0.517666 0.368345
v 1.081151 0.527629 0.370032
v 1.098635 0.501647 0.472805
v 1.107045 0.492814 0.465647
v 1.117931 0.501639 0.467546
v 1.109521 0.510473 0.474704
v 1.115677 0.432190 0.534979
v 1.123012 0.427360 0.523894
v 1.134965 0.432214 0.529688
v 1.127630 0.437044 0.540773
v 1.123627 0.323839 0.563025
v 1.130641 0.322673 0.550801
v 1.142912 0.323895 0.557725
v 1.135898 0.325061 0.569949
v 1.123249 0.191115 0.559896
v 1.130257 0.192385 0.547678
v 1.142534 0.191196 0.554596
v 1.135527 0.189926 0.566814
v 1.115308 0.048533 0.528541
v 1.122416 0.051655 0.516720
v 1.134594 0.048635 0.523245
v 1.127486 0.045513 0.535066
v 1.100568 -0.089392 0.471906
v 1.107865 -0.084520 0.460815
v 1.119856 -0.089268 0.466620
v 1.112558 -0.094140 0.477710
v 1.079791 -0.208147 0.392936
v 1.087440 -0.201340 0.383181
v 1.099084 -0.207995 0.387668
v 1.091435 -0.214802 0.397423
v 1.053740 -0.293213 0.294571
v 1.062063 -0.284339 0.287362
v 1.073043 -0.293030 0.289342
v 1.064719 -0.301903 0.296551
v 1.023177 -0.330065 0.179756
v 1.032600 -0.319979 0.176677
v 1.042498 -0.329864 0.174591
v 1.033074 -0.339949 0.177670
v 0.988870 -0.304177 0.051447
v 0.999497 -0.294956 0.052871
v 1.008209 -0.303989 0.046352
v 0.997582 -0.313211 0.044929
vn -0.9710 0.0321 0.2370
vn 0.1500 -0.8145 0.5605
vn 0.9593 0.0317 -0.2807
vn -0.1502 0.8146 -0.5602
vn -0.9712 0.0551 0.2318
vn 0.1197 -0.8860 0.4480
vn 0.9566 0.0543 -0.2861
vn -0.1199 0.8864 -0.4472
vn -0.9618 0.1117 0.2500
vn 0.0234 -0.9955 0.0920
vn 0.9570 0.1101 -0.2684
vn -0.0238 0.9957 -0.0900
vn -0.9365 0.1291 0.3260
vn -0.1246 -0.8829 -0.4527
vn 0.9725 0.1285 -0.1941
vn 0.1233 0.8830 0.4528
vn -0.9339 0.0522 0.3536
vn -0.2314 -0.4842 -0.8438
vn 0.9835 0.0547 -0.1722
vn 0.2302 0.4862 0.8430
vn -0.9454 0.0054 0.3260
vn -0.2631 -0.1192 -0.9574
vn 0.9791 0.0111 -0.2029
vn 0.2625 0.1203 0.9574
vn -0.9514 -0.0094 0.3077
vn -0.2638 0.1230 -0.9567
vn 0.9751 -0.0014 -0.2218
vn 0.2633 -0.1228 0.9569
vn -0.9534 -0.0174 0.3013
vn -0.2538 0.3071 -0.9172
vn 0.9737 -0.0072 -0.2279
vn 0.2533 -0.3071 0.9174
vn -0.9528 -0.0280 0.3022
vn -0.2350 0.4810 -0.8447
vn 0.9740 -0.0156 -0.2259
vn 0.2343 -0.4811 0.8448
vn -0.9507 -0.0489 0.3062
vn -0.2002 0.6730 -0.7120
vn 0.9750 -0.0338 -0.2196
vn 0.1993 -0.6734 0.7119
vn -0.9498 -0.0869 0.3006
vn -0.1335 0.8782 -0.4592
vn 0.9730 -0.0688 -0.2202
vn 0.1320 -0.8786 0.4589
vn -0.9577 -0.1191 0.2620
vn -0.0247 0.9985 -0.0494
vn 0.9628 -0.0994 -0.2514
vn 0.0229 -0.9985 0.0496
vn -0.9653 -0.1127 0.2355
vn 0.0390 0.9814 0.1878
vn 0.9571 -0.0927 -0.2745
vn -0.0405 -0.9815 -0.1871
vt 0.000000 1.000000
vt 0.083333 1.000000
vt 0.083333 0.750000
vt 0.000000 0.750000
vt 0.000000 0.250000
vt 0.083333 0.250000
vt 0.083333 0.000000
vt 0.000000 0.000000
vt 0.000000 0.500000
vt 0.083333 0.500000
vt 0.166667 1.000000
vt 0.166667 0.750000
vt 0.166667 0.250000
vt 0.166667 0.000000
vt 0.166667 0.500000
vt 0.250000 1.000000
vt 0.250000 0.750000
vt 0.250000 0.250000
vt 0.250000 0.000000
vt 0.250000 0.500000
vt 0.333333 1.000000
vt 0.333333 0.750000
vt 0.333333 0.250000
vt 0.333333 0.000000
vt 0.333333 0.500000
vt 0.416667 1.000000
vt 0.416667 0.750000
vt 0.416667 0.250000
vt 0.416667 0.000000
vt 0.416667 0.500000
vt 0.500000 1.000000
vt 0.500000 0.750000
vt 0.500000 0.250000
vt 0.500000 0.000000
vt 0.500000 0.500000
vt 0.583333 1.000000
vt 0.583333 0.750000
vt 0.583333 0.250000
vt 0.583333 0.000000
vt 0.583333 0.500000
vt 0.666667 1.000000
vt 0.666667 0.750000
vt 0.666667 0.250000
vt 0.666667 0.000000
vt 0.666667 0.500000
vt 0.750000 1.000000
vt 0.750000 0.750000
vt 0.750000 0.250000
vt 0.750000 0.000000
vt 0.750000 0.500000
vt 0.833333 1.000000
vt 0.833333 0.750000
vt 0.833333 0.250000
vt 0.833333 0.000000
vt 0.833333 0.500000
vt 0.916667 1.000000
vt 0.916667 0.750000
vt 0.916667 0.250000
vt 0.916667 0.000000
vt 0.916667 0.500000
vt 1.000000 1.000000
vt 1.000000 0.750000
vt 1.000000 0.250000
vt 1.000000 0.000000
vt 1.000000 0.500000
s 1
f 1065/1356/829 1069/1357/833 1072/1358/836 1068/1359/832
f 1066/1360/830 1070/1361/834 1069/1362/833 1065/1363/829
f 1067/1364/831 1071/1365/835 1070/1361/834 1066/1360/830
f 1068/1359/832 1072/1358/836 1071/1365/835 1067/1364/831
f 1069/1357/833 1073/1366/837 1076/1367/840 1072/1358/836
f 1070/1361/834 1074/1368/838 1073/1369/837 1069/1362/833
f 1071/1365/835 1075/1370/839 1074/1368/838 1070/1361/834
f 1072/1358/836 1076/1367/840 1075/1370/839 1071/1365/835
f 1073/1366/837 1077/1371/841 1080/1372/844 1076/1367/840
f 1074/1368/838 1078/1373/842 1077/1374/841 1073/1369/837
f 1075/1370/839 1079/1375/843 1078/1373/842 1074/1368/838
f 1076/1367/840 1080/1372/844 1079/1375/843 1075/1370/839
f 1077/1371/841 1081/1376/845 1084/1377/848 1080/1372/844
f 1078/1373/842 1082/1378/846 1081/1379/845 1077/1374/841
f 1079/1375/843 1083/1380/847 1082/1378/846 1078/1373/842
f 1080/1372/844 1084/1377/848 1083/1380/847 1079/1375/843
f 1081/1376/845 1085/1381/849 1088/1382/852 1084/1377/848
f 1082/1378/846 1086/1383/850 1085/1384/849 1081/1379/845
f 1083/1380/847 1087/1385/851 1086/1383/850 1082/1378/846
f 1084/1377/848 1088/1382/852 1087/1385/851 1083/1380/847
f 1085/1381/849 1089/1386/853 1092/1387/856 1088/1382/852
f 1086/1383/850 1090/1388/854 1089/1389/853 1085/1384/849
f 1087/1385/851 1091/1390/855 1090/1388/854 1086/1383/850
f 1088/1382/852 1092/1387/856 1091/1390/855 1087/1385/851
f 1089/1386/853 1093/1391/857 1096/1392/860 1092/1387/856
f 1090/1388/854 1094/1393/858 1093/1394/857 1089/1389/853
f 1091/1390/855 1095/1395/859 1094/1393/858 1090/1388/854
f 1092/1387/856 1096/1392/860 1095/1395/859 1091/1390/855
f 1093/1391/857 1097/1396/861 1100/1397/864 1096/1392/860
f 1094/1393/858 1098/1398/862 1097/1399/861 1093/1394/857
f 1095/1395/859 1099/1400/863 1098/1398/862 1094/1393/858
f 1096/1392/860 1100/1397/864 1099/1400/863 1095/1395/859
f 1097/1396/861 1101/1401/865 1104/1402/868 1100/1397/864
f 1098/1398/862 1102/1403/866 1101/1404/865 1097/1399/861
f 1099/1400/863 1103/1405/867 1102/1403/866 1098/1398/862
f 1100/1397/864 1104/1402/868 1103/1405/867 1099/1400/863
f 1101/1401/865 1105/1406/869 1108/1407/872 1104/1402/868
f 1102/1403/866 1106/1408/870 1105/1409/869 1101/1404/865
f 1103/1405/867 1107/1410/871 1106/1408/870 1102/1403/866
f 1104/1402/868 1108/1407/872 1107/1410/871 1103/1405/867
f 1105/1406/869 1109/1411/873 1112/1412/876 1108/1407/872
f 1106/1408/870 1110/1413/874 1109/1414/873 1105/1409/869
f 1107/1410/871 1111/1415/875 1110/1413/874 1106/1408/870
f 1108/1407/872 1112/1412/876 1111/1415/875 1107/1410/871
f 1109/1411/873 1113/1416/877 1116/1417/880 1112/1412/876
f 1110/1413/874 1114/1418/878 1113/1419/877 1109/1414/873
f 1111/1415/875 1115/1420/879 1114/1418/878 1110/1413/874
f 1112/1412/876 1116/1417/880 1115/1420/879 1111/1415/875
o BézierCurve.002
v -0.955635 0.330008 0.048080
v -0.947654 0.322394 0.056930
v -0.936317 0.330008 0.053256
v -0.944298 0.337622 0.044406
v -1.004391 0.464351 0.230311
v -0.995931 0.455487 0.237372
v -0.985069 0.464342 0.235475
v -0.993529 0.473207 0.228415
v -1.041526 0.516251 0.369658
v -1.032115 0.506288 0.373145
v -1.022197 0.516234 0.374795
v -1.031609 0.526197 0.371308
v -1.067854 0.500215 0.469054
v -1.056991 0.491382 0.467060
v -1.048513 0.500207 0.474148
v -1.059376 0.509041 0.476142
v -1.084182 0.430758 0.531420
v -1.072287 0.425928 0.525488
v -1.064833 0.430782 0.536482
v -1.076727 0.435612 0.542414
v -1.091320 0.322407 0.559684
v -1.079133 0.321241 0.552604
v -1.071969 0.322463 0.564735
v -1.084155 0.323629 0.571815
v -1.090083 0.189683 0.556785
v -1.077905 0.190953 0.549707
v -1.070732 0.189764 0.561837
v -1.082909 0.188494 0.568914
v -1.081282 0.047101 0.525660
v -1.069216 0.050223 0.518977
v -1.061932 0.047203 0.530716
v -1.073998 0.044081 0.537400
v -1.065731 -0.090824 0.469243
v -1.053865 -0.085952 0.463286
v -1.046383 -0.090700 0.474308
v -1.058249 -0.095572 0.480264
v -1.044239 -0.209579 0.390464
v -1.032737 -0.202772 0.385840
v -1.024896 -0.209427 0.395548
v -1.036398 -0.216234 0.400171
v -1.017617 -0.294645 0.292252
v -1.006804 -0.285771 0.290171
v -0.998285 -0.294462 0.297375
v -1.009099 -0.303336 0.299456
v -0.986678 -0.331497 0.177538
v -0.976977 -0.321412 0.179583
v -0.967363 -0.331296 0.182725
v -0.977063 -0.341381 0.180680
v -0.952234 -0.305609 0.049265
v -0.943742 -0.296388 0.055812
v -0.932938 -0.305421 0.054523
v -0.941429 -0.314643 0.047976
vn -0.9594 0.0321 -0.2802
vn -0.1503 -0.8145 0.5604
vn 0.9711 0.0317 0.2366
vn 0.1500 0.8146 -0.5603
vn -0.9570 0.0551 -0.2848
vn -0.1203 -0.8860 0.4478
vn 0.9716 0.0543 0.2305
vn 0.1197 0.8864 -0.4472
vn -0.9579 0.1117 -0.2644
vn -0.0257 -0.9955 0.0914
vn 0.9630 0.1101 0.2461
vn 0.0244 0.9957 -0.0898
vn -0.9740 0.1291 -0.1859
vn 0.1185 -0.8829 -0.4543
vn 0.9393 0.1285 0.3181
vn -0.1197 0.8830 0.4538
vn -0.9856 0.0522 -0.1607
vn 0.2215 -0.4842 -0.8464
vn 0.9379 0.0547 0.3426
vn -0.2221 0.4862 0.8452
vn -0.9817 0.0054 -0.1904
vn 0.2508 -0.1192 -0.9607
vn 0.9494 0.0111 0.3138
vn -0.2513 0.1203 0.9604
vn -0.9778 -0.0094 -0.2093
vn 0.2499 0.1230 -0.9604
vn 0.9554 -0.0014 0.2954
vn -0.2504 -0.1228 0.9603
vn -0.9763 -0.0174 -0.2157
vn 0.2388 0.3071 -0.9212
vn 0.9572 -0.0072 0.2895
vn -0.2393 -0.3071 0.9211
vn -0.9763 -0.0280 -0.2147
vn 0.2188 0.4810 -0.8490
vn 0.9565 -0.0156 0.2913
vn -0.2194 -0.4811 0.8488
vn -0.9764 -0.0489 -0.2102
vn 0.1826 0.6730 -0.7167
vn 0.9542 -0.0338 0.2974
vn -0.1834 -0.6734 0.7161
vn -0.9728 -0.0869 -0.2145
vn 0.1139 0.8782 -0.4644
vn 0.9528 -0.0688 0.2958
vn -0.1151 -0.8786 0.4634
vn -0.9604 -0.1191 -0.2519
vn 0.0033 0.9985 -0.0551
vn 0.9595 -0.0994 0.2636
vn -0.0050 -0.9985 0.0544
vn -0.9538 -0.1127 -0.2787
vn -0.0601 0.9814 0.1821
vn 0.9661 -0.0927 0.2409
vn 0.0585 -0.9815 -0.1822
vt 0.000000 1.000000
vt 0.083333 1.000000
vt 0.083333 0.750000
vt 0.000000 0.750000
vt 0.000000 0.250000
vt 0.083333 0.250000
vt 0.083333 0.000000
vt 0.000000 0.000000
vt 0.000000 0.500000
vt 0.083333 0.500000
vt 0.166667 1.000000
vt 0.166667 0.750000
vt 0.166667 0.250000
vt 0.166667 0.000000
vt 0.166667 0.500000
vt 0.250000 1.000000
vt 0.250000 0.750000
vt 0.250000 0.250000
vt 0.250000 0.000000
vt 0.250000 0.500000
vt 0.333333 1.000000
vt 0.333333 0.750000
vt 0.333333 0.250000
vt 0.333333 0.000000
vt 0.333333 0.500000
vt 0.416667 1.000000
vt 0.416667 0.750000
vt 0.416667 0.250000
vt 0.416667 0.000000
vt 0.416667 0.500000
vt 0.500000 1.000000
vt 0.500000 0.750000
vt 0.500000 0.250000
vt 0.500000 0.000000
vt 0.500000 0.500000
vt 0.583333 1.000000
vt 0.583333 0.750000
vt 0.583333 0.250000
vt 0.583333 0.000000
vt 0.583333 0.500000
vt 0.666667 1.000000
vt 0.666667 0.750000
vt 0.666667 0.250000
vt 0.666667 0.000000
vt 0.666667 0.500000
vt 0.750000 1.000000
vt 0.750000 0.750000
vt 0.750000 0.250000
vt 0.750000 0.000000
vt 0.750000 0.500000
vt 0.833333 1.000000
vt 0.833333 0.750000
vt 0.833333 0.250000
vt 0.833333 0.000000
vt 0.833333 0.500000
vt 0.916667 1.000000
vt 0.916667 0.750000
vt 0.916667 0.250000
vt 0.916667 0.000000
vt 0.916667 0.500000
vt 1.000000 1.000000
vt 1.000000 0.750000
vt 1.000000 0.250000
vt 1.000000 0.000000
vt 1.000000 0.500000
s 1
f 1117/1421/881 1121/1422/885 1124/1423/888 1120/1424/884
f 1118/1425/882 1122/1426/886 1121/1427/885 1117/1428/881
f 1119/1429/883 1123/1430/887 1122/1426/886 1118/1425/882
f 1120/1424/884 1124/1423/888 1123/1430/887 1119/1429/883
f 1121/1422/885 1125/1431/889 1128/1432/892 1124/1423/888
f 1122/1426/886 1126/1433/890 1125/1434/889 1121/1427/885
f 1123/1430/887 1127/1435/891 1126/1433/890 1122/1426/886
f 1124/1423/888 1128/1432/892 1127/1435/891 1123/1430/887
f 1125/1431/889 1129/1436/893 1132/1437/896 1128/1432/892
f 1126/1433/890 1130/1438/894 1129/1439/893 1125/1434/889
f 1127/1435/891 1131/1440/895 1130/1438/894 1126/1433/890
f 1128/1432/892 1132/1437/896 1131/1440/895 1127/1435/891
f 1129/1436/893 1133/1441/897 1136/1442/900 1132/1437/896
f 1130/1438/894 1134/1443/898 1133/1444/897 1129/1439/893
f 1131/1440/895 1135/1445/899 1134/1443/898 1130/1438/894
f 1132/1437/896 1136/1442/900 1135/1445/899 1131/1440/895
f 1133/1441/897 1137/1446/901 1140/1447/904 1136/1442/900
f 1134/1443/898 1138/1448/902 1137/1449/901 1133/1444/897
f 1135/1445/899 1139/1450/903 1138/1448/902 1134/1443/898
f 1136/1442/900 1140/1447/904 1139/1450/903 1135/1445/899
f 1137/1446/901 1141/1451/905 1144/1452/908 1140/1447/904
f 1138/1448/902 1142/1453/906 1141/1454/905 1137/1449/901
f 1139/1450/903 1143/1455/907 1142/1453/906 1138/1448/902
f 1140/1447/904 1144/1452/908 1143/1455/907 1139/1450/903
f 1141/1451/905 1145/1456/909 1148/1457/912 1144/1452/908
f 1142/1453/906 1146/1458/910 1145/1459/909 1141/1454/905
f 1143/1455/907 1147/1460/911 1146/1458/910 1142/1453/906
f 1144/1452/908 1148/1457/912 1147/1460/911 1143/1455/907
f 1145/1456/909 1149/1461/913 1152/1462/916 1148/1457/912
f 1146/1458/910 1150/1463/914 1149/1464/913 1145/1459/909
f 1147/1460/911 1151/1465/915 1150/1463/914 1146/1458/910
f 1148/1457/912 1152/1462/916 1151/1465/915 1147/1460/911
f 1149/1461/913 1153/1466/917 1156/1467/920 1152/1462/916
f 1150/1463/914 1154/1468/918 1153/1469/917 1149/1464/913
f 1151/1465/915 1155/1470/919 1154/1468/918 1150/1463/914
f 1152/1462/916 1156/1467/920 1155/1470/919 1151/1465/915
f 1153/1466/917 1157/1471/921 1160/1472/924 1156/1467/920
f 1154/1468/918 1158/1473/922 1157/1474/921 1153/1469/917
f 1155/1470/919 1159/1475/923 1158/1473/922 1154/1468/918
f 1156/1467/920 1160/1472/924 1159/1475/923 1155/1470/919
f 1157/1471/921 1161/1476/925 1164/1477/928 1160/1472/924
f 1158/1473/922 1162/1478/926 1161/1479/925 1157/1474/921
f 1159/1475/923 1163/1480/927 1162/1478/926 1158/1473/922
f 1160/1472/924 1164/1477/928 1163/1480/927 1159/1475/923
f 1161/1476/925 1165/1481/929 1168/1482/932 1164/1477/928
f 1162/1478/926 1166/1483/930 1165/1484/929 1161/1479/925
f 1163/1480/927 1167/1485/931 1166/1483/930 1162/1478/926
f 1164/1477/928 1168/1482/932 1167/1485/931 1163/1480/927
